feature,coef
y1_t6 y1_t7^2,1.0047551436714608
y1_t6^2 y1_t7,1.0047551436714608
y1_t6^3,1.0047551436714608
y1_t7^3,1.0047551436714608
y1_t3^2,-0.7910924790150381
y1_t2 y1_t3,-0.7910924790150381
y1_t2^2,-0.7910924790150381
y1_t1^3,0.785207853752377
y1_t0^2 y1_t1,0.785207853752377
y1_t0^3,0.785207853752377
y1_t0 y1_t1^2,0.785207853752377
y4_t7,0.7207268477534688
y4_t6,0.7207268477534688
y1_t0 y2_t7,0.6730023399181183
y1_t1 y2_t6,0.6730023399181183
y1_t0 y2_t6,0.6730023399181183
y1_t1 y2_t7,0.6730023399181183
y4_t1 y1_t2,0.6470618477359475
y4_t0 y1_t3,0.6470618477359475
y4_t1 y1_t3,0.6470618477359475
y4_t0 y1_t2,0.6470618477359475
y1_t6^2 y4_t7,0.6239846794775477
y1_t6^2 y4_t6,0.6239846794775477
y4_t6 y1_t7^2,0.6239846794775477
y1_t7^2 y4_t7,0.6239846794775477
y1_t6 y4_t6 y1_t7,0.6239846794775477
y1_t6 y1_t7 y4_t7,0.6239846794775477
y2_t0 y1_t2,-0.6086909085244953
y2_t1 y1_t2,-0.6086909085244953
y2_t1 y1_t3,-0.6086909085244953
y2_t0 y1_t3,-0.6086909085244953
y4_t0 y4_t1 y4_t6,0.6071660865288402
y4_t1^2 y4_t6,0.6071660865288402
y4_t1^2 y4_t7,0.6071660865288402
y4_t0 y4_t1 y4_t7,0.6071660865288402
y4_t0^2 y4_t6,0.6071660865288402
y4_t0^2 y4_t7,0.6071660865288402
y1_t7,0.5931234777787331
y1_t6,0.5931234777787331
y2_t3,0.5716944166140454
y2_t2,0.5716944166140454
y1_t3 y2_t7,0.5536849074166683
y1_t2 y2_t7,0.5536849074166683
y1_t2 y2_t6,0.5536849074166683
y1_t3 y2_t6,0.5536849074166683
y1_t2 y1_t5,-0.5500854718455926
y1_t2 y1_t4,-0.5500854718455926
y1_t3 y1_t4,-0.5500854718455926
y1_t3 y1_t5,-0.5500854718455926
y1_t6 y1_t7,-0.5429624103063266
y1_t7^2,-0.5429624103063266
y1_t6^2,-0.5429624103063266
y2_t1^2,-0.5360805120879562
y2_t0 y2_t1,-0.5360805120879562
y2_t0^2,-0.5360805120879562
y1_t1 y4_t1,0.5309484912310296
y1_t0 y4_t1,0.5309484912310296
y1_t0 y4_t0,0.5309484912310296
y4_t0 y1_t1,0.5309484912310296
y2_t0 y1_t5,-0.5253806705146115
y2_t1 y1_t5,-0.5253806705146115
y2_t0 y1_t4,-0.5253806705146115
y2_t1 y1_t4,-0.5253806705146115
y1_t5^2,-0.5166368148127211
y1_t4^2,-0.5166368148127211
y1_t4 y1_t5,-0.5166368148127211
y2_t6^3,0.513783339767942
y2_t6 y2_t7^2,0.513783339767942
y2_t6^2 y2_t7,0.513783339767942
y2_t7^3,0.513783339767942
y4_t1^2 y1_t7,0.5129006691828174
y4_t0^2 y1_t7,0.5129006691828174
y4_t1^2 y1_t6,0.5129006691828174
y4_t0 y4_t1 y1_t6,0.5129006691828174
y4_t0 y4_t1 y1_t7,0.5129006691828174
y4_t0^2 y1_t6,0.5129006691828174
y4_t0 y4_t1 y3_t7,0.4943416288206077
y4_t0^2 y3_t6,0.49434162882060756
y4_t1^2 y3_t7,0.49434162882060756
y4_t1^2 y3_t6,0.49434162882060756
y4_t0^2 y3_t7,0.49434162882060756
y4_t0 y4_t1 y3_t6,0.49434162882060756
y1_t1 y1_t3,-0.490985741781148
y1_t0 y1_t2,-0.490985741781148
y1_t1 y1_t2,-0.490985741781148
y1_t0 y1_t3,-0.490985741781148
y1_t4,0.4876412742444806
y1_t5,0.4876412742444806
y1_t2 y1_t6 y2_t7,-0.48522310421806136
y1_t2 y1_t7 y2_t7,-0.48522310421806136
y1_t3 y2_t6 y1_t7,-0.48522310421806136
y1_t3 y1_t6 y2_t6,-0.48522310421806136
y1_t3 y1_t7 y2_t7,-0.48522310421806136
y1_t3 y1_t6 y2_t7,-0.48522310421806136
y1_t2 y2_t6 y1_t7,-0.48522310421806136
y1_t2 y1_t6 y2_t6,-0.48522310421806136
y3_t6,0.48181564221532186
y3_t7,0.48181564221532186
y2_t0 y1_t7,-0.4784359684149107
y2_t1 y1_t7,-0.4784359684149107
y2_t1 y1_t6,-0.4784359684149107
y2_t0 y1_t6,-0.4784359684149107
y3_t6 y1_t7^2,0.47641006421780335
y1_t6 y1_t7 y3_t7,0.47641006421780324
y1_t6^2 y3_t6,0.47641006421780324
y1_t6 y3_t6 y1_t7,0.47641006421780324
y1_t6^2 y3_t7,0.47641006421780324
y1_t7^2 y3_t7,0.47641006421780324
y1_t1 y1_t4,-0.46748766057095864
y1_t1 y1_t5,-0.46748766057095864
y1_t0 y1_t4,-0.46748766057095864
y1_t0 y1_t5,-0.46748766057095864
y1_t1 y1_t7^2,-0.46057348662035413
y1_t1 y1_t6 y1_t7,-0.46057348662035413
y1_t0 y1_t7^2,-0.46057348662035413
y1_t0 y1_t6^2,-0.46057348662035413
y1_t0 y1_t6 y1_t7,-0.46057348662035413
y1_t1 y1_t6^2,-0.46057348662035413
y1_t1^2 y1_t3,0.4530527265052649
y1_t1^2 y1_t2,0.4530527265052649
y1_t0 y1_t1 y1_t3,0.4530527265052649
y1_t0 y1_t1 y1_t2,0.4530527265052649
y1_t0^2 y1_t3,0.4530527265052649
y1_t0^2 y1_t2,0.4530527265052649
y4_t0 y2_t7,-0.44531111623770947
y4_t0 y2_t6,-0.44531111623770947
y4_t1 y2_t7,-0.44531111623770947
y4_t1 y2_t6,-0.44531111623770947
y1_t5 y1_t7,-0.4409649702045743
y1_t5 y1_t6,-0.4409649702045743
y1_t4 y1_t7,-0.4409649702045743
y1_t4 y1_t6,-0.4409649702045743
y4_t5,0.43612301396898845
y4_t4,0.43612301396898845
y4_t0 y4_t1 y2_t2,0.43326217444653425
y4_t0 y4_t1 y2_t3,0.43326217444653425
y4_t0^2 y2_t3,0.43326217444653425
y4_t0^2 y2_t2,0.43326217444653425
y4_t1^2 y2_t2,0.43326217444653425
y4_t1^2 y2_t3,0.43326217444653425
y4_t5 y1_t6^2,0.4261856374307683
y4_t5 y1_t6 y1_t7,0.4261856374307683
y4_t5 y1_t7^2,0.4261856374307683
y4_t4 y1_t7^2,0.4261856374307683
y4_t4 y1_t6 y1_t7,0.4261856374307683
y4_t4 y1_t6^2,0.4261856374307683
y4_t1 y2_t3,-0.42277605495991005
y4_t0 y2_t3,-0.42277605495991005
y4_t1 y2_t2,-0.42277605495991005
y4_t0 y2_t2,-0.42277605495991005
y2_t0 y1_t3^2,-0.41452318776177766
y2_t1 y1_t3^2,-0.41452318776177766
y2_t0 y1_t2^2,-0.41452318776177766
y2_t0 y1_t2 y1_t3,-0.41452318776177766
y2_t1 y1_t2 y1_t3,-0.41452318776177766
y2_t1 y1_t2^2,-0.41452318776177766
y4_t0 y4_t1 y1_t5,0.4053608734808345
y4_t0 y4_t1 y1_t4,0.4053608734808345
y4_t0^2 y1_t4,0.4053608734808345
y4_t0^2 y1_t5,0.4053608734808345
y4_t1^2 y1_t4,0.4053608734808345
y4_t1^2 y1_t5,0.4053608734808345
y1_t1 y2_t1,-0.4043446726476638
y2_t0 y1_t1,-0.4043446726476638
y1_t0 y2_t0,-0.4043446726476638
y1_t0 y2_t1,-0.4043446726476638
y3_t1 y2_t6,-0.4021938431107438
y3_t0 y2_t6,-0.4021938431107438
y3_t0 y2_t7,-0.4021938431107438
y3_t1 y2_t7,-0.4021938431107438
y2_t2 y1_t7^2,0.39489575885724176
y2_t2 y1_t6 y1_t7,0.39489575885724176
y2_t3 y1_t6^2,0.39489575885724176
y2_t2 y1_t6^2,0.39489575885724176
y2_t3 y1_t6 y1_t7,0.39489575885724176
y2_t3 y1_t7^2,0.39489575885724176
y1_t6^2 y2_t6,0.3948726389798969
y1_t6 y1_t7 y2_t7,0.3948726389798969
y1_t6 y2_t6 y1_t7,0.3948726389798969
y1_t7^2 y2_t7,0.3948726389798969
y2_t6 y1_t7^2,0.3948726389798969
y1_t6^2 y2_t7,0.3948726389798969
y4_t2,0.3898453133428684
y4_t3,0.3898453133428684
y4_t5 y2_t7,-0.3883548200665162
y4_t5 y2_t6,-0.3883548200665162
y4_t4 y2_t6,-0.3883548200665162
y4_t4 y2_t7,-0.3883548200665162
y1_t3 y1_t4 y2_t6,-0.38438314529113293
y1_t3 y1_t5 y2_t6,-0.38438314529113293
y1_t2 y1_t5 y2_t7,-0.38438314529113293
y1_t3 y1_t5 y2_t7,-0.38438314529113293
y1_t2 y1_t5 y2_t6,-0.38438314529113293
y1_t3 y1_t4 y2_t7,-0.38438314529113293
y1_t2 y1_t4 y2_t7,-0.38438314529113293
y1_t2 y1_t4 y2_t6,-0.38438314529113293
y4_t0^2 y4_t4,0.38332114102488346
y4_t0 y4_t1 y4_t4,0.38332114102488346
y4_t0^2 y4_t5,0.38332114102488346
y4_t1^2 y4_t4,0.38332114102488346
y4_t1^2 y4_t5,0.38332114102488346
y4_t0 y4_t1 y4_t5,0.38332114102488346
y1_t0 y4_t0^2,0.3749018587215226
y1_t0 y4_t1^2,0.3749018587215226
y1_t0 y4_t0 y4_t1,0.3749018587215226
y1_t1 y4_t1^2,0.3749018587215226
y4_t0^2 y1_t1,0.3749018587215225
y4_t0 y1_t1 y4_t1,0.3749018587215225
y2_t2 y1_t6,-0.36854007988712933
y2_t3 y1_t7,-0.36854007988712933
y2_t2 y1_t7,-0.36854007988712933
y2_t3 y1_t6,-0.36854007988712933
y1_t0 y4_t1 y1_t4,-0.36639100071723313
y1_t1 y4_t1 y1_t4,-0.36639100071723313
y1_t0 y4_t1 y1_t5,-0.36639100071723313
y1_t0 y4_t0 y1_t4,-0.36639100071723313
y4_t0 y1_t1 y1_t5,-0.36639100071723313
y1_t1 y4_t1 y1_t5,-0.36639100071723313
y1_t0 y4_t0 y1_t5,-0.36639100071723313
y4_t0 y1_t1 y1_t4,-0.36639100071723313
y1_t4 y1_t7 y4_t7,0.363294392903647
y1_t4 y1_t6 y4_t7,0.363294392903647
y1_t5 y4_t6 y1_t7,0.363294392903647
y1_t5 y1_t6 y4_t6,0.363294392903647
y1_t4 y1_t6 y4_t6,0.363294392903647
y1_t5 y1_t6 y4_t7,0.363294392903647
y1_t5 y1_t7 y4_t7,0.363294392903647
y1_t4 y4_t6 y1_t7,0.363294392903647
y1_t4 y1_t7^2,0.3574026543065875
y1_t5 y1_t6 y1_t7,0.3574026543065875
y1_t5 y1_t6^2,0.3574026543065875
y1_t5 y1_t7^2,0.3574026543065875
y1_t4 y1_t6 y1_t7,0.3574026543065875
y1_t4 y1_t6^2,0.3574026543065875
y1_t3 y4_t3,-0.35101055809320014
y1_t2 y4_t2,-0.35101055809320014
y1_t2 y4_t3,-0.35101055809320014
y4_t2 y1_t3,-0.35101055809320014
y2_t5,0.3454725287237562
y2_t4,0.3454725287237562
y1_t0 y4_t6,-0.3435879247823086
y1_t0 y4_t7,-0.3435879247823086
y1_t1 y4_t7,-0.3435879247823086
y1_t1 y4_t6,-0.3435879247823086
y4_t0 y2_t1 y3_t6,-0.3375522938643906
y2_t0 y4_t0 y3_t7,-0.3375522938643906
y2_t0 y4_t1 y3_t6,-0.3375522938643906
y2_t0 y4_t1 y3_t7,-0.3375522938643906
y2_t1 y4_t1 y3_t6,-0.3375522938643906
y2_t1 y4_t1 y3_t7,-0.3375522938643906
y4_t0 y2_t1 y3_t7,-0.3375522938643906
y2_t0 y4_t0 y3_t6,-0.3375522938643906
y1_t0^2 y3_t4,0.33663072819441603
y1_t0^2 y3_t5,0.33663072819441603
y1_t0 y1_t1 y3_t5,0.33663072819441603
y1_t0 y1_t1 y3_t4,0.33663072819441603
y1_t1^2 y3_t4,0.33663072819441603
y1_t1^2 y3_t5,0.33663072819441603
y1_t2 y1_t3 y1_t4,0.3365231818122518
y1_t2 y1_t3 y1_t5,0.3365231818122518
y1_t2^2 y1_t4,0.3365231818122518
y1_t2^2 y1_t5,0.3365231818122518
y1_t3^2 y1_t5,0.3365231818122518
y1_t3^2 y1_t4,0.3365231818122518
y1_t1,0.33496661479570167
y1_t0,0.33496661479570167
y1_t3 y1_t7^2,-0.33477118570187964
y1_t2 y1_t7^2,-0.33477118570187964
y1_t2 y1_t6^2,-0.33477118570187964
y1_t2 y1_t6 y1_t7,-0.33477118570187964
y1_t3 y1_t6^2,-0.33477118570187964
y1_t3 y1_t6 y1_t7,-0.33477118570187964
y4_t0 y4_t6^2,-0.3334221021920334
y4_t0 y4_t6 y4_t7,-0.3334221021920334
y4_t1 y4_t6^2,-0.3334221021920334
y4_t1 y4_t6 y4_t7,-0.3334221021920334
y4_t0 y4_t7^2,-0.3334221021920334
y4_t1 y4_t7^2,-0.3334221021920334
y1_t0 y2_t6 y1_t7,-0.331162133668919
y1_t0 y1_t6 y2_t6,-0.331162133668919
y1_t1 y1_t7 y2_t7,-0.331162133668919
y1_t1 y2_t6 y1_t7,-0.331162133668919
y1_t1 y1_t6 y2_t7,-0.331162133668919
y1_t0 y1_t6 y2_t7,-0.331162133668919
y1_t1 y1_t6 y2_t6,-0.331162133668919
y1_t0 y1_t7 y2_t7,-0.331162133668919
y1_t0^2 y1_t5,0.3284381155531895
y1_t0 y1_t1 y1_t5,0.3284381155531895
y1_t1^2 y1_t5,0.3284381155531895
y1_t0^2 y1_t4,0.3284381155531895
y1_t1^2 y1_t4,0.3284381155531895
y1_t0 y1_t1 y1_t4,0.3284381155531895
y2_t0 y2_t6^2,-0.3248693867681455
y2_t1 y2_t7^2,-0.3248693867681455
y2_t0 y2_t6 y2_t7,-0.3248693867681455
y2_t1 y2_t6 y2_t7,-0.3248693867681455
y2_t1 y2_t6^2,-0.3248693867681455
y2_t0 y2_t7^2,-0.3248693867681455
y1_t3 y2_t6 y2_t7,-0.32422349503182013
y1_t2 y2_t6 y2_t7,-0.32422349503182013
y1_t2 y2_t6^2,-0.32422349503182013
y1_t3 y2_t6^2,-0.32422349503182013
y1_t2 y2_t7^2,-0.32422349503182013
y1_t3 y2_t7^2,-0.32422349503182013
y2_t1,0.3222747907431009
y2_t0,0.3222747907431009
y1_t0 y4_t1 y3_t7,-0.32122330900336105
y4_t0 y1_t1 y3_t6,-0.32122330900336105
y4_t0 y1_t1 y3_t7,-0.32122330900336105
y1_t0 y4_t1 y3_t6,-0.32122330900336105
y1_t0 y4_t0 y3_t6,-0.32122330900336105
y1_t1 y4_t1 y3_t6,-0.32122330900336105
y1_t1 y4_t1 y3_t7,-0.32122330900336105
y1_t0 y4_t0 y3_t7,-0.32122330900336105
y1_t0 y1_t1 y3_t6,0.3200743485668892
y1_t0 y1_t1 y3_t7,0.3200743485668892
y1_t0^2 y3_t7,0.3200743485668892
y1_t1^2 y3_t7,0.3200743485668892
y1_t1^2 y3_t6,0.3200743485668892
y1_t0^2 y3_t6,0.3200743485668892
y1_t4^2 y4_t7,0.31856085720173694
y1_t4^2 y4_t6,0.31856085720173694
y1_t4 y1_t5 y4_t7,0.31856085720173694
y1_t5^2 y4_t6,0.31856085720173694
y1_t4 y1_t5 y4_t6,0.31856085720173694
y1_t5^2 y4_t7,0.31856085720173694
y2_t0 y1_t3 y2_t6,-0.31645749411711516
y2_t1 y1_t3 y2_t7,-0.31645749411711516
y2_t1 y1_t3 y2_t6,-0.31645749411711516
y2_t0 y1_t2 y2_t7,-0.31645749411711516
y2_t1 y1_t2 y2_t6,-0.31645749411711516
y2_t1 y1_t2 y2_t7,-0.31645749411711516
y2_t0 y1_t3 y2_t7,-0.31645749411711516
y2_t0 y1_t2 y2_t6,-0.31645749411711516
y4_t1 y1_t2 y1_t4,-0.3124974173666626
y4_t1 y1_t3 y1_t5,-0.3124974173666626
y4_t1 y1_t3 y1_t4,-0.3124974173666626
y4_t0 y1_t3 y1_t4,-0.3124974173666626
y4_t0 y1_t3 y1_t5,-0.3124974173666626
y4_t1 y1_t2 y1_t5,-0.3124974173666626
y4_t0 y1_t2 y1_t5,-0.3124974173666626
y4_t0 y1_t2 y1_t4,-0.3124974173666626
y2_t4 y1_t6,-0.3116378521068028
y2_t4 y1_t7,-0.3116378521068028
y2_t5 y1_t6,-0.3116378521068028
y2_t5 y1_t7,-0.3116378521068028
y1_t4 y1_t6 y3_t7,0.30826764925615785
y1_t4 y1_t6 y3_t6,0.30826764925615785
y1_t4 y3_t6 y1_t7,0.30826764925615785
y1_t4 y1_t7 y3_t7,0.30826764925615785
y1_t5 y1_t7 y3_t7,0.30826764925615785
y1_t5 y3_t6 y1_t7,0.30826764925615785
y1_t5 y1_t6 y3_t7,0.30826764925615785
y1_t5 y1_t6 y3_t6,0.30826764925615785
y1_t0^2 y4_t6,0.3059017831758144
y1_t0 y1_t1 y4_t7,0.3059017831758144
y1_t1^2 y4_t7,0.3059017831758144
y1_t0 y1_t1 y4_t6,0.3059017831758144
y1_t1^2 y4_t6,0.3059017831758144
y1_t0^2 y4_t7,0.3059017831758144
y4_t3 y1_t6^2,0.3045308779284498
y4_t3 y1_t7^2,0.3045308779284498
y4_t2 y1_t7^2,0.3045308779284498
y4_t2 y1_t6 y1_t7,0.3045308779284498
y4_t2 y1_t6^2,0.3045308779284498
y4_t3 y1_t6 y1_t7,0.3045308779284498
y1_t0^2 y2_t3,0.3034730448221785
y1_t1^2 y2_t3,0.3034730448221785
y1_t1^2 y2_t2,0.3034730448221785
y1_t0 y1_t1 y2_t2,0.3034730448221785
y1_t0 y1_t1 y2_t3,0.3034730448221785
y1_t0^2 y2_t2,0.3034730448221785
y4_t0 y2_t6^2,0.30309366542266153
y4_t1 y2_t6^2,0.30309366542266153
y4_t1 y2_t6 y2_t7,0.30309366542266153
y4_t1 y2_t7^2,0.30309366542266153
y4_t0 y2_t6 y2_t7,0.30309366542266153
y4_t0 y2_t7^2,0.30309366542266153
y2_t6 y1_t7,-0.30152202343991175
y1_t6 y2_t6,-0.30152202343991175
y1_t6 y2_t7,-0.30152202343991175
y1_t7 y2_t7,-0.30152202343991175
y1_t3 y4_t6,-0.2992478328340048
y1_t2 y4_t6,-0.2992478328340048
y1_t2 y4_t7,-0.2992478328340048
y1_t3 y4_t7,-0.2992478328340048
y2_t0 y2_t1^2,0.29871290676539786
y2_t0^3,0.29871290676539786
y2_t0^2 y2_t1,0.29871290676539786
y2_t1^3,0.29871290676539786
y3_t4,0.2971835686066892
y3_t5,0.2971835686066892
y4_t0 y4_t1 y4_t3,0.29448333633503954
y4_t0 y4_t1 y4_t2,0.29448333633503954
y4_t0^2 y4_t2,0.29448333633503954
y4_t0^2 y4_t3,0.29448333633503954
y4_t1^2 y4_t2,0.29448333633503954
y4_t1^2 y4_t3,0.29448333633503954
y2_t0^2 y1_t2,-0.294405243661257
y2_t0 y2_t1 y1_t2,-0.294405243661257
y2_t1^2 y1_t3,-0.294405243661257
y2_t0^2 y1_t3,-0.294405243661257
y2_t0 y2_t1 y1_t3,-0.294405243661257
y2_t1^2 y1_t2,-0.294405243661257
y1_t1 y4_t2,-0.2924174564648971
y1_t1 y4_t3,-0.2924174564648971
y1_t0 y4_t2,-0.2924174564648971
y1_t0 y4_t3,-0.2924174564648971
y1_t4 y2_t5,-0.29193756912172575
y2_t4 y1_t5,-0.29193756912172575
y1_t5 y2_t5,-0.29193756912172575
y1_t4 y2_t4,-0.29193756912172575
y4_t1^2 y2_t4,0.290925171114247
y4_t0^2 y2_t5,0.290925171114247
y4_t0^2 y2_t4,0.290925171114247
y4_t1^2 y2_t5,0.290925171114247
y4_t0 y4_t1 y2_t4,0.290925171114247
y4_t0 y4_t1 y2_t5,0.290925171114247
y4_t0 y2_t2 y2_t4,0.2907375555068183
y4_t1 y2_t3 y2_t4,0.2907375555068183
y4_t1 y2_t2 y2_t4,0.2907375555068183
y4_t1 y2_t2 y2_t5,0.2907375555068183
y4_t0 y2_t3 y2_t4,0.2907375555068183
y4_t1 y2_t3 y2_t5,0.2907375555068183
y4_t0 y2_t2 y2_t5,0.2907375555068183
y4_t0 y2_t3 y2_t5,0.2907375555068183
y1_t0 y1_t1,-0.28984507307829477
y1_t0^2,-0.28984507307829477
y1_t1^2,-0.28984507307829477
y1_t0^2 y4_t4,0.2891544473594754
y1_t1^2 y4_t4,0.2891544473594754
y1_t0 y1_t1 y4_t5,0.2891544473594754
y1_t0^2 y4_t5,0.2891544473594754
y1_t0 y1_t1 y4_t4,0.2891544473594754
y1_t1^2 y4_t5,0.2891544473594754
y4_t0 y3_t2 y1_t7,0.2885932825225394
y4_t0 y3_t2 y1_t6,0.2885932825225394
y4_t0 y3_t3 y1_t6,0.2885932825225394
y4_t1 y3_t3 y1_t7,0.2885932825225394
y4_t0 y3_t3 y1_t7,0.2885932825225394
y4_t1 y3_t3 y1_t6,0.2885932825225394
y4_t1 y3_t2 y1_t6,0.2885932825225394
y4_t1 y3_t2 y1_t7,0.2885932825225394
y4_t0^2 y3_t4,0.2861415464265668
y4_t1^2 y3_t4,0.2861415464265668
y4_t0^2 y3_t5,0.2861415464265668
y4_t0 y4_t1 y3_t5,0.2861415464265668
y4_t0 y4_t1 y3_t4,0.2861415464265668
y4_t1^2 y3_t5,0.2861415464265668
y1_t3 y3_t6,0.2834115534423765
y1_t2 y3_t7,0.2834115534423765
y1_t2 y3_t6,0.2834115534423765
y1_t3 y3_t7,0.2834115534423765
y2_t0 y2_t4,-0.28190193193373936
y2_t1 y2_t4,-0.28190193193373936
y2_t0 y2_t5,-0.28190193193373936
y2_t1 y2_t5,-0.28190193193373936
y2_t0 y2_t1 y3_t7,0.2749320420488252
y2_t0 y2_t1 y3_t6,0.2749320420488252
y2_t1^2 y3_t7,0.2749320420488252
y2_t0^2 y3_t7,0.2749320420488252
y2_t1^2 y3_t6,0.2749320420488252
y2_t0^2 y3_t6,0.2749320420488252
y4_t0 y2_t5^2,0.27298413611643296
y4_t1 y2_t4 y2_t5,0.27298413611643296
y4_t1 y2_t5^2,0.27298413611643296
y4_t0 y2_t4 y2_t5,0.27298413611643296
y4_t1 y2_t4^2,0.27298413611643296
y4_t0 y2_t4^2,0.27298413611643296
y4_t1 y3_t6 y3_t7,0.26867271948425475
y4_t1 y3_t7^2,0.26867271948425475
y4_t0 y3_t7^2,0.26867271948425475
y4_t0 y3_t6 y3_t7,0.26867271948425475
y4_t0 y3_t6^2,0.26867271948425475
y4_t1 y3_t6^2,0.26867271948425475
y1_t5 y3_t6,0.26862082645008
y1_t5 y3_t7,0.26862082645008
y1_t4 y3_t6,0.26862082645008
y1_t4 y3_t7,0.26862082645008
y3_t1 y1_t6,-0.267620483303876
y3_t1 y1_t7,-0.267620483303876
y3_t0 y1_t7,-0.267620483303876
y3_t0 y1_t6,-0.267620483303876
y3_t5 y2_t7,-0.26735374692825886
y3_t4 y2_t6,-0.26735374692825886
y3_t4 y2_t7,-0.26735374692825886
y3_t5 y2_t6,-0.26735374692825886
y1_t0 y1_t3^2,0.2672164946016086
y1_t1 y1_t3^2,0.2672164946016086
y1_t1 y1_t2^2,0.2672164946016086
y1_t0 y1_t2^2,0.2672164946016086
y1_t1 y1_t2 y1_t3,0.2672164946016086
y1_t0 y1_t2 y1_t3,0.2672164946016086
y1_t4^2 y1_t5,0.26663011483697563
y1_t4 y1_t5^2,0.26663011483697563
y1_t4^3,0.26663011483697563
y1_t5^3,0.26663011483697563
y2_t6^2 y1_t7,0.2640404252576019
y2_t6 y1_t7 y2_t7,0.2640404252576019
y1_t6 y2_t7^2,0.2640404252576018
y1_t6 y2_t6^2,0.2640404252576018
y1_t7 y2_t7^2,0.2640404252576018
y1_t6 y2_t6 y2_t7,0.2640404252576018
y1_t0 y2_t0 y3_t6,0.2638452602455524
y1_t0 y2_t0 y3_t7,0.2638452602455524
y1_t1 y2_t1 y3_t7,0.2638452602455524
y2_t0 y1_t1 y3_t7,0.2638452602455524
y2_t0 y1_t1 y3_t6,0.2638452602455524
y1_t0 y2_t1 y3_t6,0.2638452602455524
y1_t1 y2_t1 y3_t6,0.2638452602455524
y1_t0 y2_t1 y3_t7,0.2638452602455524
y1_t0 y1_t4 y2_t6,-0.26275243801599246
y1_t0 y1_t5 y2_t7,-0.26275243801599246
y1_t1 y1_t5 y2_t6,-0.26275243801599246
y1_t0 y1_t5 y2_t6,-0.26275243801599246
y1_t1 y1_t5 y2_t7,-0.26275243801599246
y1_t1 y1_t4 y2_t6,-0.26275243801599246
y1_t1 y1_t4 y2_t7,-0.26275243801599246
y1_t0 y1_t4 y2_t7,-0.26275243801599246
y4_t0 y2_t1 y3_t4,-0.26041838885449897
y4_t0 y2_t1 y3_t5,-0.26041838885449897
y2_t0 y4_t1 y3_t5,-0.2604183888544988
y2_t0 y4_t1 y3_t4,-0.2604183888544988
y2_t1 y4_t1 y3_t5,-0.2604183888544988
y2_t1 y4_t1 y3_t4,-0.2604183888544988
y2_t0 y4_t0 y3_t4,-0.2604183888544988
y2_t0 y4_t0 y3_t5,-0.2604183888544988
y1_t0 y1_t4 y1_t7,-0.25664155051606685
y1_t1 y1_t5 y1_t6,-0.25664155051606685
y1_t1 y1_t4 y1_t7,-0.25664155051606685
y1_t1 y1_t4 y1_t6,-0.25664155051606685
y1_t0 y1_t5 y1_t6,-0.25664155051606685
y1_t0 y1_t4 y1_t6,-0.25664155051606685
y1_t0 y1_t5 y1_t7,-0.25664155051606685
y1_t1 y1_t5 y1_t7,-0.25664155051606685
y1_t3^2 y4_t6,0.2564144521701449
y1_t2^2 y4_t6,0.2564144521701449
y1_t2 y1_t3 y4_t7,0.2564144521701449
y1_t2 y1_t3 y4_t6,0.2564144521701449
y1_t3^2 y4_t7,0.2564144521701449
y1_t2^2 y4_t7,0.2564144521701449
y2_t3 y1_t5,-0.25409099276685476
y2_t2 y1_t5,-0.25409099276685476
y2_t3 y1_t4,-0.25409099276685476
y2_t2 y1_t4,-0.25409099276685476
y2_t6 y4_t6,-0.2523749187834954
y2_t6 y4_t7,-0.2523749187834954
y4_t6 y2_t7,-0.2523749187834954
y2_t7 y4_t7,-0.2523749187834954
y4_t0 y1_t1 y3_t4,-0.2504327390492843
y4_t0 y1_t1 y3_t5,-0.2504327390492843
y1_t1 y4_t1 y3_t4,-0.25043273904928426
y1_t0 y4_t0 y3_t4,-0.25043273904928426
y1_t0 y4_t1 y3_t5,-0.25043273904928426
y1_t0 y4_t1 y3_t4,-0.25043273904928426
y1_t1 y4_t1 y3_t5,-0.25043273904928426
y1_t0 y4_t0 y3_t5,-0.25043273904928426
y4_t1 y4_t7,-0.25029159849567384
y4_t0 y4_t6,-0.25029159849567384
y4_t0 y4_t7,-0.25029159849567384
y4_t1 y4_t6,-0.25029159849567384
y2_t3^3,0.24978781028399766
y2_t2^2 y2_t3,0.24978781028399766
y2_t2^3,0.24978781028399766
y2_t2 y2_t3^2,0.24978781028399766
y4_t1 y4_t2 y4_t7,-0.2481264979712947
y4_t0 y4_t2 y4_t7,-0.2481264979712947
y4_t0 y4_t3 y4_t7,-0.2481264979712947
y4_t1 y4_t2 y4_t6,-0.2481264979712947
y4_t0 y4_t2 y4_t6,-0.2481264979712947
y4_t1 y4_t3 y4_t6,-0.2481264979712947
y4_t1 y4_t3 y4_t7,-0.2481264979712947
y4_t0 y4_t3 y4_t6,-0.2481264979712947
y1_t1 y1_t2 y1_t5,0.24763942158821306
y1_t0 y1_t3 y1_t5,0.24763942158821306
y1_t0 y1_t3 y1_t4,0.24763942158821306
y1_t0 y1_t2 y1_t5,0.24763942158821306
y1_t0 y1_t2 y1_t4,0.24763942158821306
y1_t1 y1_t3 y1_t4,0.24763942158821306
y1_t1 y1_t3 y1_t5,0.24763942158821306
y1_t1 y1_t2 y1_t4,0.24763942158821306
y4_t6 y1_t7 y2_t7,0.24695530171839952
y1_t6 y2_t6 y4_t6,0.24695530171839947
y1_t6 y4_t6 y2_t7,0.24695530171839947
y1_t6 y2_t6 y4_t7,0.24695530171839947
y1_t6 y2_t7 y4_t7,0.24695530171839947
y2_t6 y1_t7 y4_t7,0.24695530171839947
y2_t6 y4_t6 y1_t7,0.24695530171839947
y1_t7 y2_t7 y4_t7,0.24695530171839947
y3_t0^2 y4_t1,0.24429129789315895
y3_t0 y3_t1 y4_t1,0.24429129789315895
y3_t0^2 y4_t0,0.24429129789315895
y3_t0 y4_t0 y3_t1,0.24429129789315895
y3_t1^2 y4_t1,0.24429129789315895
y4_t0 y3_t1^2,0.24429129789315882
y1_t0 y3_t1 y1_t7,-0.2432796006343528
y1_t1 y3_t1 y1_t6,-0.2432796006343528
y1_t1 y3_t1 y1_t7,-0.2432796006343528
y1_t0 y3_t0 y1_t6,-0.2432796006343528
y1_t0 y3_t0 y1_t7,-0.2432796006343528
y3_t0 y1_t1 y1_t7,-0.2432796006343528
y3_t0 y1_t1 y1_t6,-0.2432796006343528
y1_t0 y3_t1 y1_t6,-0.2432796006343528
y2_t0 y1_t3 y3_t6,0.24303688242591664
y2_t0 y1_t2 y3_t6,0.24303688242591664
y2_t0 y1_t2 y3_t7,0.24303688242591664
y2_t0 y1_t3 y3_t7,0.24303688242591664
y2_t1 y1_t2 y3_t7,0.24303688242591664
y2_t1 y1_t3 y3_t7,0.24303688242591664
y2_t1 y1_t2 y3_t6,0.24303688242591664
y2_t1 y1_t3 y3_t6,0.24303688242591664
y4_t1 y1_t2 y2_t6,-0.24294156382260074
y4_t0 y1_t2 y2_t7,-0.24294156382260074
y4_t0 y1_t3 y2_t7,-0.24294156382260074
y4_t0 y1_t3 y2_t6,-0.24294156382260074
y4_t1 y1_t3 y2_t6,-0.24294156382260074
y4_t1 y1_t3 y2_t7,-0.24294156382260074
y4_t0 y1_t2 y2_t6,-0.24294156382260074
y4_t1 y1_t2 y2_t7,-0.24294156382260074
y1_t5 y4_t6,-0.2427622063218627
y1_t4 y4_t6,-0.2427622063218627
y1_t4 y4_t7,-0.2427622063218627
y1_t5 y4_t7,-0.2427622063218627
y1_t0^2 y4_t0,0.24206350388367692
y1_t0 y1_t1 y4_t1,0.24206350388367692
y1_t0 y4_t0 y1_t1,0.24206350388367692
y1_t0^2 y4_t1,0.24206350388367692
y1_t1^2 y4_t1,0.24206350388367692
y4_t0 y1_t1^2,0.2420635038836769
y4_t0 y1_t1 y1_t2,0.24184838794172858
y4_t0 y1_t1 y1_t3,0.24184838794172858
y1_t0 y4_t1 y1_t3,0.24184838794172847
y1_t0 y4_t0 y1_t2,0.24184838794172847
y1_t0 y4_t0 y1_t3,0.24184838794172847
y1_t1 y4_t1 y1_t2,0.24184838794172847
y1_t1 y4_t1 y1_t3,0.24184838794172847
y1_t0 y4_t1 y1_t2,0.24184838794172847
y1_t1 y3_t6,0.24161588463400813
y1_t0 y3_t7,0.24161588463400813
y1_t1 y3_t7,0.24161588463400813
y1_t0 y3_t6,0.24161588463400813
y4_t0 y2_t1 y4_t1,0.2402153678706198
y4_t0^2 y2_t1,0.2402153678706198
y2_t0 y4_t0^2,0.24021536787061976
y2_t0 y4_t1^2,0.24021536787061976
y2_t1 y4_t1^2,0.24021536787061976
y2_t0 y4_t0 y4_t1,0.24021536787061976
y1_t0 y1_t3 y4_t7,0.23914592054906164
y1_t1 y1_t2 y4_t7,0.23914592054906164
y1_t0 y1_t2 y4_t7,0.23914592054906164
y1_t1 y1_t3 y4_t6,0.23914592054906164
y1_t1 y1_t2 y4_t6,0.23914592054906164
y1_t0 y1_t2 y4_t6,0.23914592054906164
y1_t1 y1_t3 y4_t7,0.23914592054906164
y1_t0 y1_t3 y4_t6,0.23914592054906164
y3_t0 y4_t1 y1_t7,0.23911254054663766
y3_t1 y4_t1 y1_t7,0.23911254054663766
y3_t0 y4_t1 y1_t6,0.23911254054663766
y3_t0 y4_t0 y1_t7,0.23911254054663766
y3_t1 y4_t1 y1_t6,0.23911254054663766
y4_t0 y3_t1 y1_t7,0.2391125405466376
y4_t0 y3_t1 y1_t6,0.2391125405466376
y3_t0 y4_t0 y1_t6,0.23911254054663755
y4_t0 y1_t2 y3_t4,-0.2387423063859252
y4_t1 y1_t2 y3_t4,-0.2387423063859252
y4_t1 y1_t3 y3_t4,-0.2387423063859252
y4_t1 y1_t3 y3_t5,-0.2387423063859252
y4_t1 y1_t2 y3_t5,-0.2387423063859252
y4_t0 y1_t2 y3_t5,-0.2387423063859252
y4_t0 y1_t3 y3_t5,-0.2387423063859252
y4_t0 y1_t3 y3_t4,-0.2387423063859252
y4_t0 y3_t4 y3_t6,0.23703000964194065
y4_t0 y3_t4 y3_t7,0.23703000964194065
y4_t1 y3_t5 y3_t7,0.23703000964194065
y4_t1 y3_t4 y3_t6,0.23703000964194065
y4_t0 y3_t5 y3_t6,0.23703000964194065
y4_t0 y3_t5 y3_t7,0.23703000964194065
y4_t1 y3_t5 y3_t6,0.23703000964194065
y4_t1 y3_t4 y3_t7,0.23703000964194065
y2_t0 y1_t2 y1_t6,-0.23701050851466504
y2_t1 y1_t2 y1_t6,-0.23701050851466504
y2_t0 y1_t3 y1_t6,-0.23701050851466504
y2_t1 y1_t2 y1_t7,-0.23701050851466504
y2_t1 y1_t3 y1_t6,-0.23701050851466504
y2_t0 y1_t2 y1_t7,-0.23701050851466504
y2_t1 y1_t3 y1_t7,-0.23701050851466504
y2_t0 y1_t3 y1_t7,-0.23701050851466504
y3_t2 y2_t7,-0.23633828322148517
y3_t3 y2_t7,-0.23633828322148517
y3_t2 y2_t6,-0.23633828322148517
y3_t3 y2_t6,-0.23633828322148517
y2_t0 y2_t2,-0.2359408299205585
y2_t1 y2_t3,-0.2359408299205585
y2_t1 y2_t2,-0.2359408299205585
y2_t0 y2_t3,-0.2359408299205585
y4_t2 y1_t4,-0.23593792786123163
y4_t3 y1_t5,-0.23593792786123163
y4_t2 y1_t5,-0.23593792786123163
y4_t3 y1_t4,-0.23593792786123163
y2_t2 y1_t3 y2_t7,-0.2321633548667295
y2_t2 y1_t3 y2_t6,-0.2321633548667295
y1_t2 y2_t2 y2_t6,-0.23216335486672948
y1_t2 y2_t3 y2_t7,-0.23216335486672948
y1_t3 y2_t3 y2_t6,-0.23216335486672948
y1_t3 y2_t3 y2_t7,-0.23216335486672948
y1_t2 y2_t3 y2_t6,-0.23216335486672948
y1_t2 y2_t2 y2_t7,-0.23216335486672948
y4_t0 y3_t1 y3_t4,0.23138059523759733
y4_t0 y3_t1 y3_t5,0.23138059523759733
y3_t0 y4_t1 y3_t4,0.23138059523759716
y3_t1 y4_t1 y3_t5,0.23138059523759716
y3_t0 y4_t1 y3_t5,0.23138059523759716
y3_t1 y4_t1 y3_t4,0.23138059523759716
y3_t0 y4_t0 y3_t4,0.23138059523759716
y3_t0 y4_t0 y3_t5,0.23138059523759716
y1_t1 y3_t2 y1_t7,-0.2298207683790114
y1_t0 y3_t3 y1_t6,-0.2298207683790114
y1_t1 y3_t2 y1_t6,-0.2298207683790114
y1_t1 y3_t3 y1_t7,-0.2298207683790114
y1_t1 y3_t3 y1_t6,-0.2298207683790114
y1_t0 y3_t2 y1_t7,-0.2298207683790114
y1_t0 y3_t3 y1_t7,-0.2298207683790114
y1_t0 y3_t2 y1_t6,-0.2298207683790114
y1_t0 y1_t2 y3_t7,0.22978208899421454
y1_t0 y1_t3 y3_t7,0.22978208899421454
y1_t1 y1_t3 y3_t6,0.22978208899421454
y1_t0 y1_t3 y3_t6,0.22978208899421454
y1_t1 y1_t3 y3_t7,0.22978208899421454
y1_t1 y1_t2 y3_t7,0.22978208899421454
y1_t1 y1_t2 y3_t6,0.22978208899421454
y1_t0 y1_t2 y3_t6,0.22978208899421454
y1_t2^2 y3_t7,0.22844525849165673
y1_t2^2 y3_t6,0.22844525849165673
y1_t3^2 y3_t6,0.22844525849165673
y1_t3^2 y3_t7,0.22844525849165673
y1_t2 y1_t3 y3_t6,0.22844525849165673
y1_t2 y1_t3 y3_t7,0.22844525849165673
y4_t4 y1_t5 y1_t6,0.22593416421487594
y4_t4 y1_t5 y1_t7,0.22593416421487594
y1_t5 y4_t5 y1_t7,0.22593416421487583
y1_t4 y4_t4 y1_t6,0.22593416421487583
y1_t4 y4_t4 y1_t7,0.22593416421487583
y1_t4 y4_t5 y1_t6,0.22593416421487583
y1_t4 y4_t5 y1_t7,0.22593416421487583
y1_t5 y4_t5 y1_t6,0.22593416421487583
y4_t0 y2_t5 y2_t6,0.2247790422046812
y4_t0 y2_t5 y2_t7,0.2247790422046812
y4_t1 y2_t4 y2_t7,0.2247790422046812
y4_t1 y2_t5 y2_t6,0.2247790422046812
y4_t1 y2_t4 y2_t6,0.2247790422046812
y4_t0 y2_t4 y2_t7,0.2247790422046812
y4_t0 y2_t4 y2_t6,0.2247790422046812
y4_t1 y2_t5 y2_t7,0.2247790422046812
y1_t0 y1_t1 y3_t1,0.2219514657044373
y1_t0 y3_t0 y1_t1,0.2219514657044373
y1_t1^2 y3_t1,0.2219514657044373
y1_t0^2 y3_t1,0.2219514657044373
y1_t0^2 y3_t0,0.2219514657044373
y3_t0 y1_t1^2,0.22195146570443722
y3_t0^2 y3_t1,0.2215708270568596
y3_t0^3,0.2215708270568596
y3_t1^3,0.2215708270568596
y3_t0 y3_t1^2,0.2215708270568596
y4_t1^2 y1_t3,0.21843930367891778
y4_t0 y4_t1 y1_t3,0.21843930367891778
y4_t1^2 y1_t2,0.21843930367891778
y4_t0^2 y1_t3,0.21843930367891778
y4_t0^2 y1_t2,0.21843930367891778
y4_t0 y4_t1 y1_t2,0.21843930367891778
y3_t6 y2_t7,-0.21834297277158035
y2_t6 y3_t6,-0.21834297277158035
y2_t7 y3_t7,-0.21834297277158035
y2_t6 y3_t7,-0.21834297277158035
y1_t2 y1_t4 y4_t7,0.21807320795877821
y1_t2 y1_t4 y4_t6,0.21807320795877821
y1_t2 y1_t5 y4_t7,0.21807320795877821
y1_t3 y1_t5 y4_t6,0.21807320795877821
y1_t2 y1_t5 y4_t6,0.21807320795877821
y1_t3 y1_t4 y4_t7,0.21807320795877821
y1_t3 y1_t5 y4_t7,0.21807320795877821
y1_t3 y1_t4 y4_t6,0.21807320795877821
y1_t2 y1_t5^2,0.21806774373775129
y1_t2 y1_t4 y1_t5,0.21806774373775129
y1_t3 y1_t4^2,0.21806774373775129
y1_t3 y1_t4 y1_t5,0.21806774373775129
y1_t2 y1_t4^2,0.21806774373775129
y1_t3 y1_t5^2,0.21806774373775129
y4_t0 y3_t4^2,0.21788838165830304
y4_t0 y3_t4 y3_t5,0.21788838165830304
y4_t1 y3_t4^2,0.21788838165830304
y4_t1 y3_t5^2,0.21788838165830304
y4_t0 y3_t5^2,0.21788838165830304
y4_t1 y3_t4 y3_t5,0.21788838165830304
y4_t2 y3_t6,0.21782006179640792
y4_t3 y3_t6,0.21782006179640792
y4_t2 y3_t7,0.21782006179640792
y4_t3 y3_t7,0.21782006179640792
y4_t5 y4_t6^2,-0.21733897599641416
y4_t5 y4_t7^2,-0.21733897599641416
y4_t4 y4_t6^2,-0.21733897599641416
y4_t4 y4_t6 y4_t7,-0.21733897599641416
y4_t5 y4_t6 y4_t7,-0.21733897599641416
y4_t4 y4_t7^2,-0.21733897599641416
y2_t5 y2_t6^2,0.21697492130146837
y2_t5 y2_t6 y2_t7,0.21697492130146837
y2_t5 y2_t7^2,0.21697492130146837
y2_t4 y2_t6 y2_t7,0.21697492130146837
y2_t4 y2_t6^2,0.21697492130146837
y2_t4 y2_t7^2,0.21697492130146837
y4_t1 y4_t2 y4_t3,-0.2157201170215491
y4_t1 y4_t2^2,-0.2157201170215491
y4_t0 y4_t2^2,-0.2157201170215491
y4_t1 y4_t3^2,-0.2157201170215491
y4_t0 y4_t2 y4_t3,-0.2157201170215491
y4_t0 y4_t3^2,-0.2157201170215491
y2_t3 y4_t4,-0.21554700133380605
y2_t2 y4_t5,-0.21554700133380605
y2_t3 y4_t5,-0.21554700133380605
y2_t2 y4_t4,-0.21554700133380605
y1_t2 y1_t3 y2_t7,-0.21402619132530518
y1_t3^2 y2_t7,-0.21402619132530518
y1_t2^2 y2_t7,-0.21402619132530518
y1_t2^2 y2_t6,-0.21402619132530518
y1_t2 y1_t3 y2_t6,-0.21402619132530518
y1_t3^2 y2_t6,-0.21402619132530518
y2_t7,0.21400251257937264
y2_t6,0.21400251257937264
y4_t1 y4_t2,-0.21255939611857325
y4_t0 y4_t2,-0.21255939611857325
y4_t1 y4_t3,-0.21255939611857325
y4_t0 y4_t3,-0.21255939611857325
y1_t0 y4_t1 y2_t7,-0.21096315932151388
y4_t0 y1_t1 y2_t7,-0.21096315932151388
y1_t0 y4_t1 y2_t6,-0.21096315932151388
y1_t0 y4_t0 y2_t7,-0.21096315932151388
y1_t1 y4_t1 y2_t7,-0.21096315932151388
y1_t0 y4_t0 y2_t6,-0.21096315932151388
y1_t1 y4_t1 y2_t6,-0.21096315932151388
y4_t0 y1_t1 y2_t6,-0.21096315932151388
y3_t0 y4_t1 y3_t7,0.2106408148747338
y4_t0 y3_t1 y3_t7,0.2106408148747338
y3_t1 y4_t1 y3_t7,0.2106408148747338
y3_t0 y4_t0 y3_t6,0.2106408148747338
y3_t0 y4_t0 y3_t7,0.2106408148747338
y3_t1 y4_t1 y3_t6,0.2106408148747338
y3_t0 y4_t1 y3_t6,0.2106408148747338
y4_t0 y3_t1 y3_t6,0.2106408148747338
y3_t2,0.21004805295720463
y3_t3,0.21004805295720463
y4_t2 y1_t7,-0.20975557859934557
y4_t2 y1_t6,-0.20975557859934557
y4_t3 y1_t7,-0.20975557859934557
y4_t3 y1_t6,-0.20975557859934557
y1_t1 y1_t2 y3_t5,0.20962814802627996
y1_t1 y1_t2 y3_t4,0.20962814802627996
y1_t0 y1_t2 y3_t5,0.20962814802627996
y1_t0 y1_t3 y3_t5,0.20962814802627996
y1_t1 y1_t3 y3_t4,0.20962814802627996
y1_t0 y1_t3 y3_t4,0.20962814802627996
y1_t1 y1_t3 y3_t5,0.20962814802627996
y1_t0 y1_t2 y3_t4,0.20962814802627996
y1_t0^2 y2_t4,0.20918339243179834
y1_t0^2 y2_t5,0.20918339243179834
y1_t0 y1_t1 y2_t4,0.20918339243179834
y1_t1^2 y2_t5,0.20918339243179834
y1_t0 y1_t1 y2_t5,0.20918339243179834
y1_t1^2 y2_t4,0.20918339243179834
y2_t0 y4_t0 y2_t2,-0.20846251221340925
y2_t0 y4_t1 y2_t2,-0.20846251221340925
y2_t1 y4_t1 y2_t2,-0.20846251221340925
y4_t0 y2_t1 y2_t3,-0.20846251221340925
y2_t0 y4_t1 y2_t3,-0.20846251221340925
y4_t0 y2_t1 y2_t2,-0.20846251221340925
y2_t1 y4_t1 y2_t3,-0.20846251221340925
y2_t0 y4_t0 y2_t3,-0.20846251221340925
y1_t6 y4_t7,-0.20824760156446845
y4_t6 y1_t7,-0.20824760156446845
y1_t7 y4_t7,-0.20824760156446845
y1_t6 y4_t6,-0.20824760156446845
y4_t0 y2_t1 y4_t7,-0.20488557616358588
y2_t1 y4_t1 y4_t6,-0.20488557616358588
y2_t1 y4_t1 y4_t7,-0.20488557616358588
y2_t0 y4_t1 y4_t7,-0.20488557616358588
y2_t0 y4_t0 y4_t6,-0.20488557616358588
y2_t0 y4_t1 y4_t6,-0.20488557616358588
y2_t0 y4_t0 y4_t7,-0.20488557616358588
y4_t0 y2_t1 y4_t6,-0.20488557616358588
y1_t5^2 y1_t6,0.20467397990176767
y1_t4^2 y1_t7,0.20467397990176767
y1_t5^2 y1_t7,0.20467397990176767
y1_t4 y1_t5 y1_t7,0.20467397990176767
y1_t4 y1_t5 y1_t6,0.20467397990176767
y1_t4^2 y1_t6,0.20467397990176767
y2_t1 y3_t3 y1_t7,-0.20438921433465077
y2_t1 y3_t3 y1_t6,-0.20438921433465077
y2_t0 y3_t3 y1_t7,-0.20438921433465077
y2_t0 y3_t2 y1_t7,-0.20438921433465077
y2_t1 y3_t2 y1_t6,-0.20438921433465077
y2_t0 y3_t3 y1_t6,-0.20438921433465077
y2_t0 y3_t2 y1_t6,-0.20438921433465077
y2_t1 y3_t2 y1_t7,-0.20438921433465077
y1_t1 y3_t1 y2_t6,-0.20435047681224833
y1_t0 y3_t0 y2_t7,-0.20435047681224833
y1_t0 y3_t0 y2_t6,-0.20435047681224833
y1_t1 y3_t1 y2_t7,-0.20435047681224833
y3_t0 y1_t1 y2_t7,-0.20435047681224833
y1_t0 y3_t1 y2_t6,-0.20435047681224833
y1_t0 y3_t1 y2_t7,-0.20435047681224833
y3_t0 y1_t1 y2_t6,-0.20435047681224833
y4_t4 y2_t5,-0.2037680003968556
y2_t4 y4_t5,-0.2037680003968556
y2_t4 y4_t4,-0.2037680003968556
y2_t5 y4_t5,-0.2037680003968556
y4_t1 y4_t5 y1_t6,0.2036876960584871
y4_t1 y4_t4 y1_t7,0.2036876960584871
y4_t0 y4_t4 y1_t7,0.2036876960584871
y4_t0 y4_t4 y1_t6,0.2036876960584871
y4_t0 y4_t5 y1_t7,0.2036876960584871
y4_t0 y4_t5 y1_t6,0.2036876960584871
y4_t1 y4_t4 y1_t6,0.2036876960584871
y4_t1 y4_t5 y1_t7,0.2036876960584871
y4_t0 y2_t2 y3_t6,-0.20291847258807966
y4_t1 y2_t3 y3_t6,-0.20291847258807966
y4_t0 y2_t3 y3_t7,-0.20291847258807966
y4_t0 y2_t3 y3_t6,-0.20291847258807966
y4_t0 y2_t2 y3_t7,-0.20291847258807966
y4_t1 y2_t3 y3_t7,-0.20291847258807966
y4_t1 y2_t2 y3_t7,-0.20291847258807966
y4_t1 y2_t2 y3_t6,-0.20291847258807966
y1_t2 y2_t5 y1_t6,-0.20263761041748918
y1_t2 y2_t4 y1_t7,-0.20263761041748918
y1_t3 y2_t4 y1_t6,-0.20263761041748918
y1_t3 y2_t5 y1_t7,-0.20263761041748918
y1_t3 y2_t4 y1_t7,-0.20263761041748918
y1_t3 y2_t5 y1_t6,-0.20263761041748918
y1_t2 y2_t4 y1_t6,-0.20263761041748918
y1_t2 y2_t5 y1_t7,-0.20263761041748918
y1_t2 y2_t4 y2_t6,-0.20193464470037786
y1_t2 y2_t5 y2_t6,-0.20193464470037786
y1_t3 y2_t5 y2_t7,-0.20193464470037786
y1_t3 y2_t4 y2_t6,-0.20193464470037786
y1_t2 y2_t4 y2_t7,-0.20193464470037786
y1_t3 y2_t5 y2_t6,-0.20193464470037786
y1_t3 y2_t4 y2_t7,-0.20193464470037786
y1_t2 y2_t5 y2_t7,-0.20193464470037786
y4_t1 y1_t4^2,-0.20181010310083686
y4_t0 y1_t5^2,-0.20181010310083686
y4_t0 y1_t4^2,-0.20181010310083686
y4_t0 y1_t4 y1_t5,-0.20181010310083686
y4_t1 y1_t4 y1_t5,-0.20181010310083686
y4_t1 y1_t5^2,-0.20181010310083686
y4_t0 y3_t5,-0.200891452479123
y4_t0 y3_t4,-0.200891452479123
y4_t1 y3_t5,-0.200891452479123
y4_t1 y3_t4,-0.200891452479123
y3_t0 y4_t0 y3_t3,0.2003889719952512
y3_t0 y4_t1 y3_t3,0.2003889719952512
y3_t0 y4_t0 y3_t2,0.2003889719952512
y3_t1 y4_t1 y3_t3,0.2003889719952512
y3_t0 y4_t1 y3_t2,0.2003889719952512
y3_t1 y4_t1 y3_t2,0.2003889719952512
y4_t0 y3_t1 y3_t3,0.2003889719952511
y4_t0 y3_t1 y3_t2,0.2003889719952511
y3_t5^2 y2_t7,0.2000668972110316
y3_t4^2 y2_t6,0.2000668972110316
y3_t5^2 y2_t6,0.2000668972110316
y3_t4 y3_t5 y2_t7,0.2000668972110316
y3_t4 y3_t5 y2_t6,0.2000668972110316
y3_t4^2 y2_t7,0.2000668972110316
y4_t0 y3_t7,-0.1998311838763022
y4_t0 y3_t6,-0.1998311838763022
y4_t1 y3_t6,-0.1998311838763022
y4_t1 y3_t7,-0.1998311838763022
y2_t0 y4_t5,-0.19956349217365854
y2_t1 y4_t4,-0.19956349217365854
y2_t1 y4_t5,-0.19956349217365854
y2_t0 y4_t4,-0.19956349217365854
y3_t0 y1_t1 y1_t4,-0.19921223401080201
y1_t1 y3_t1 y1_t4,-0.19921223401080201
y1_t0 y3_t1 y1_t5,-0.19921223401080201
y1_t0 y3_t0 y1_t5,-0.19921223401080201
y3_t0 y1_t1 y1_t5,-0.19921223401080201
y1_t0 y3_t0 y1_t4,-0.19921223401080201
y1_t0 y3_t1 y1_t4,-0.19921223401080201
y1_t1 y3_t1 y1_t5,-0.19921223401080201
y4_t0 y1_t1 y2_t1,0.1983451724981607
y1_t0 y2_t0 y4_t0,0.19834517249816064
y1_t0 y4_t0 y2_t1,0.19834517249816064
y2_t0 y4_t0 y1_t1,0.19834517249816064
y1_t0 y2_t1 y4_t1,0.19834517249816064
y1_t1 y2_t1 y4_t1,0.19834517249816064
y2_t0 y1_t1 y4_t1,0.19834517249816064
y1_t0 y2_t0 y4_t1,0.19834517249816064
y2_t0^2 y4_t6,0.19780315072981075
y2_t1^2 y4_t7,0.19780315072981075
y2_t0 y2_t1 y4_t6,0.19780315072981075
y2_t0 y2_t1 y4_t7,0.19780315072981075
y2_t0^2 y4_t7,0.19780315072981075
y2_t1^2 y4_t6,0.19780315072981075
y2_t1 y4_t6,-0.19664346898998425
y2_t1 y4_t7,-0.19664346898998425
y2_t0 y4_t6,-0.19664346898998425
y2_t0 y4_t7,-0.19664346898998425
y2_t5 y1_t6^2,0.19585422222648247
y2_t4 y1_t6^2,0.19585422222648247
y2_t4 y1_t7^2,0.19585422222648247
y2_t5 y1_t7^2,0.19585422222648247
y2_t4 y1_t6 y1_t7,0.19585422222648247
y2_t5 y1_t6 y1_t7,0.19585422222648247
y4_t3 y4_t4 y4_t6,-0.19481027994932154
y4_t2 y4_t5 y4_t6,-0.19481027994932154
y4_t2 y4_t4 y4_t7,-0.19481027994932154
y4_t2 y4_t4 y4_t6,-0.19481027994932154
y4_t3 y4_t5 y4_t6,-0.19481027994932154
y4_t2 y4_t5 y4_t7,-0.19481027994932154
y4_t3 y4_t4 y4_t7,-0.19481027994932154
y4_t3 y4_t5 y4_t7,-0.19481027994932154
y1_t1^2 y3_t2,0.19455138637166058
y1_t0 y1_t1 y3_t3,0.19455138637166058
y1_t0^2 y3_t3,0.19455138637166058
y1_t0^2 y3_t2,0.19455138637166058
y1_t0 y1_t1 y3_t2,0.19455138637166058
y1_t1^2 y3_t3,0.19455138637166058
y1_t1 y4_t4 y4_t7,-0.19387260916180715
y1_t1 y4_t5 y4_t6,-0.19387260916180715
y1_t1 y4_t5 y4_t7,-0.19387260916180715
y1_t0 y4_t5 y4_t7,-0.19387260916180715
y1_t0 y4_t5 y4_t6,-0.19387260916180715
y1_t1 y4_t4 y4_t6,-0.19387260916180715
y1_t0 y4_t4 y4_t7,-0.19387260916180715
y1_t0 y4_t4 y4_t6,-0.19387260916180715
y1_t0 y1_t1 y2_t7,0.19239305641913707
y1_t1^2 y2_t7,0.19239305641913707
y1_t0 y1_t1 y2_t6,0.19239305641913707
y1_t0^2 y2_t6,0.19239305641913707
y1_t0^2 y2_t7,0.19239305641913707
y1_t1^2 y2_t6,0.19239305641913707
y1_t6 y3_t6 y3_t7,0.19221278830224542
y1_t6 y3_t7^2,0.19221278830224542
y1_t6 y3_t6^2,0.19221278830224542
y1_t7 y3_t7^2,0.19221278830224542
y3_t6 y1_t7 y3_t7,0.1922127883022454
y3_t6^2 y1_t7,0.1922127883022454
y4_t1 y3_t3,-0.19214314282041894
y4_t0 y3_t2,-0.19214314282041894
y4_t1 y3_t2,-0.19214314282041894
y4_t0 y3_t3,-0.19214314282041894
y1_t1 y2_t1 y3_t5,0.19162146083994955
y1_t0 y2_t0 y3_t4,0.19162146083994955
y1_t1 y2_t1 y3_t4,0.19162146083994955
y1_t0 y2_t1 y3_t4,0.19162146083994955
y1_t0 y2_t0 y3_t5,0.19162146083994955
y1_t0 y2_t1 y3_t5,0.19162146083994955
y2_t0 y1_t1 y3_t5,0.19162146083994952
y2_t0 y1_t1 y3_t4,0.19162146083994952
y2_t1 y3_t1 y1_t6,-0.19121304750521229
y2_t0 y3_t0 y1_t6,-0.19121304750521229
y2_t1 y3_t1 y1_t7,-0.19121304750521229
y2_t0 y3_t1 y1_t7,-0.19121304750521229
y2_t0 y3_t1 y1_t6,-0.19121304750521229
y3_t0 y2_t1 y1_t7,-0.19121304750521229
y3_t0 y2_t1 y1_t6,-0.19121304750521229
y2_t0 y3_t0 y1_t7,-0.19121304750521229
y1_t5 y3_t5,0.19010100773889568
y3_t4 y1_t5,0.19010100773889568
y1_t4 y3_t4,0.19010100773889568
y1_t4 y3_t5,0.19010100773889568
y3_t2 y3_t3,-0.19007404620097515
y3_t2^2,-0.19007404620097515
y3_t3^2,-0.19007404620097515
y1_t2 y2_t2 y2_t5,-0.19001807839207668
y2_t2 y1_t3 y2_t5,-0.19001807839207668
y1_t2 y2_t2 y2_t4,-0.19001807839207668
y2_t2 y1_t3 y2_t4,-0.19001807839207668
y1_t3 y2_t3 y2_t4,-0.19001807839207668
y1_t2 y2_t3 y2_t4,-0.19001807839207668
y1_t2 y2_t3 y2_t5,-0.19001807839207668
y1_t3 y2_t3 y2_t5,-0.19001807839207668
y4_t0 y1_t2 y3_t7,-0.18884018459821805
y4_t1 y1_t2 y3_t6,-0.18884018459821805
y4_t0 y1_t3 y3_t7,-0.18884018459821805
y4_t1 y1_t3 y3_t7,-0.18884018459821805
y4_t0 y1_t3 y3_t6,-0.18884018459821805
y4_t1 y1_t2 y3_t7,-0.18884018459821805
y4_t0 y1_t2 y3_t6,-0.18884018459821805
y4_t1 y1_t3 y3_t6,-0.18884018459821805
y4_t0 y2_t2 y3_t4,-0.18847759677483705
y4_t0 y2_t3 y3_t4,-0.18847759677483705
y4_t1 y2_t2 y3_t5,-0.18847759677483705
y4_t1 y2_t3 y3_t5,-0.18847759677483705
y4_t0 y2_t3 y3_t5,-0.18847759677483705
y4_t1 y2_t2 y3_t4,-0.18847759677483705
y4_t0 y2_t2 y3_t5,-0.18847759677483705
y4_t1 y2_t3 y3_t4,-0.18847759677483705
y4_t3 y2_t6,-0.18773600277349356
y4_t3 y2_t7,-0.18773600277349356
y4_t2 y2_t6,-0.18773600277349356
y4_t2 y2_t7,-0.18773600277349356
y3_t5^2 y1_t7,0.18611402040937974
y3_t4 y3_t5 y1_t7,0.18611402040937974
y3_t4 y3_t5 y1_t6,0.18611402040937974
y3_t5^2 y1_t6,0.18611402040937974
y3_t4^2 y1_t7,0.18611402040937974
y3_t4^2 y1_t6,0.18611402040937974
y2_t1 y2_t2 y3_t6,0.185556349879767
y2_t1 y2_t3 y3_t6,0.185556349879767
y2_t1 y2_t2 y3_t7,0.185556349879767
y2_t0 y2_t2 y3_t7,0.185556349879767
y2_t1 y2_t3 y3_t7,0.185556349879767
y2_t0 y2_t3 y3_t7,0.185556349879767
y2_t0 y2_t2 y3_t6,0.185556349879767
y2_t0 y2_t3 y3_t6,0.185556349879767
y4_t1 y1_t6 y3_t7,0.18515993750343526
y4_t0 y1_t7 y3_t7,0.18515993750343526
y4_t0 y1_t6 y3_t7,0.18515993750343526
y4_t0 y1_t6 y3_t6,0.18515993750343526
y4_t1 y3_t6 y1_t7,0.18515993750343526
y4_t1 y1_t7 y3_t7,0.18515993750343526
y4_t1 y1_t6 y3_t6,0.18515993750343526
y4_t0 y3_t6 y1_t7,0.18515993750343526
y2_t0 y2_t6,-0.1844082413791862
y2_t1 y2_t7,-0.1844082413791862
y2_t0 y2_t7,-0.1844082413791862
y2_t1 y2_t6,-0.1844082413791862
y1_t2 y1_t6 y3_t6,0.18396616534656413
y1_t3 y1_t7 y3_t7,0.18396616534656413
y1_t2 y3_t6 y1_t7,0.18396616534656413
y1_t2 y1_t6 y3_t7,0.18396616534656413
y1_t3 y3_t6 y1_t7,0.18396616534656413
y1_t3 y1_t6 y3_t7,0.18396616534656413
y1_t3 y1_t6 y3_t6,0.18396616534656413
y1_t2 y1_t7 y3_t7,0.18396616534656413
y2_t1 y1_t2 y1_t5,-0.18387894650701803
y2_t0 y1_t2 y1_t5,-0.18387894650701803
y2_t1 y1_t2 y1_t4,-0.18387894650701803
y2_t0 y1_t2 y1_t4,-0.18387894650701803
y2_t0 y1_t3 y1_t4,-0.18387894650701803
y2_t1 y1_t3 y1_t5,-0.18387894650701803
y2_t0 y1_t3 y1_t5,-0.18387894650701803
y2_t1 y1_t3 y1_t4,-0.18387894650701803
y3_t5 y1_t6 y3_t6,0.18293447191569728
y3_t4 y1_t6 y3_t6,0.18293447191569728
y3_t4 y1_t6 y3_t7,0.18293447191569728
y3_t5 y1_t7 y3_t7,0.18293447191569728
y3_t5 y3_t6 y1_t7,0.18293447191569728
y3_t4 y3_t6 y1_t7,0.18293447191569728
y3_t5 y1_t6 y3_t7,0.18293447191569728
y3_t4 y1_t7 y3_t7,0.18293447191569728
y1_t3 y3_t5,0.1827818356941604
y1_t2 y3_t5,0.1827818356941604
y1_t2 y3_t4,0.1827818356941604
y1_t3 y3_t4,0.1827818356941604
y1_t4^2 y3_t6,0.18214582163131876
y1_t4 y1_t5 y3_t6,0.18214582163131876
y1_t4^2 y3_t7,0.18214582163131876
y1_t5^2 y3_t6,0.18214582163131876
y1_t4 y1_t5 y3_t7,0.18214582163131876
y1_t5^2 y3_t7,0.18214582163131876
y3_t5 y1_t6^2,0.18145119781155888
y3_t4 y1_t6^2,0.18145119781155888
y3_t5 y1_t7^2,0.18145119781155888
y3_t4 y1_t6 y1_t7,0.18145119781155888
y3_t5 y1_t6 y1_t7,0.18145119781155888
y3_t4 y1_t7^2,0.18145119781155888
y3_t0 y3_t1 y2_t6,0.18143833215681282
y3_t0^2 y2_t7,0.18143833215681282
y3_t1^2 y2_t7,0.18143833215681282
y3_t1^2 y2_t6,0.18143833215681282
y3_t0^2 y2_t6,0.18143833215681282
y3_t0 y3_t1 y2_t7,0.18143833215681282
y4_t0^2 y3_t3,0.18029871484017418
y4_t0 y4_t1 y3_t2,0.18029871484017418
y4_t0 y4_t1 y3_t3,0.18029871484017418
y4_t1^2 y3_t2,0.18029871484017418
y4_t1^2 y3_t3,0.18029871484017418
y4_t0^2 y3_t2,0.18029871484017418
y3_t0 y1_t7^2,0.17979969203708202
y3_t1 y1_t6^2,0.17979969203708202
y3_t1 y1_t6 y1_t7,0.17979969203708202
y3_t0 y1_t6 y1_t7,0.17979969203708202
y3_t0 y1_t6^2,0.17979969203708202
y3_t1 y1_t7^2,0.17979969203708202
y3_t0 y3_t4 y2_t7,0.1794597819883866
y3_t0 y3_t4 y2_t6,0.1794597819883866
y3_t0 y3_t5 y2_t7,0.1794597819883866
y3_t1 y3_t4 y2_t7,0.1794597819883866
y3_t0 y3_t5 y2_t6,0.1794597819883866
y3_t1 y3_t4 y2_t6,0.1794597819883866
y3_t1 y3_t5 y2_t6,0.1794597819883866
y3_t1 y3_t5 y2_t7,0.1794597819883866
y4_t1 y1_t4 y3_t4,-0.1777621657537405
y4_t0 y1_t4 y3_t5,-0.1777621657537405
y4_t0 y1_t5 y3_t5,-0.1777621657537405
y4_t1 y1_t5 y3_t5,-0.1777621657537405
y4_t1 y3_t4 y1_t5,-0.1777621657537405
y4_t0 y1_t4 y3_t4,-0.1777621657537405
y4_t1 y1_t4 y3_t5,-0.1777621657537405
y4_t0 y3_t4 y1_t5,-0.1777621657537405
y3_t0 y2_t2,-0.17751137936900283
y3_t1 y2_t2,-0.17751137936900283
y3_t0 y2_t3,-0.17751137936900283
y3_t1 y2_t3,-0.17751137936900283
y2_t3 y2_t5,-0.17726898306681282
y2_t3 y2_t4,-0.17726898306681282
y2_t2 y2_t4,-0.17726898306681282
y2_t2 y2_t5,-0.17726898306681282
y3_t0 y3_t2,-0.17685368186871803
y3_t1 y3_t3,-0.17685368186871803
y3_t1 y3_t2,-0.17685368186871803
y3_t0 y3_t3,-0.17685368186871803
y2_t2 y1_t4^2,0.17518530119857195
y2_t3 y1_t4 y1_t5,0.17518530119857195
y2_t3 y1_t5^2,0.17518530119857195
y2_t2 y1_t5^2,0.17518530119857195
y2_t2 y1_t4 y1_t5,0.17518530119857195
y2_t3 y1_t4^2,0.17518530119857195
y4_t1 y2_t5 y1_t6,0.1743279635561693
y4_t0 y2_t4 y1_t7,0.1743279635561693
y4_t0 y2_t5 y1_t7,0.1743279635561693
y4_t1 y2_t4 y1_t7,0.1743279635561693
y4_t1 y2_t4 y1_t6,0.1743279635561693
y4_t0 y2_t5 y1_t6,0.1743279635561693
y4_t1 y2_t5 y1_t7,0.1743279635561693
y4_t0 y2_t4 y1_t6,0.1743279635561693
y2_t0 y1_t1 y1_t2,-0.1733335530301686
y2_t0 y1_t1 y1_t3,-0.1733335530301686
y1_t0 y2_t0 y1_t2,-0.17333355303016856
y1_t0 y2_t1 y1_t2,-0.17333355303016856
y1_t1 y2_t1 y1_t3,-0.17333355303016856
y1_t0 y2_t0 y1_t3,-0.17333355303016856
y1_t0 y2_t1 y1_t3,-0.17333355303016856
y1_t1 y2_t1 y1_t2,-0.17333355303016856
y3_t3 y3_t4 y2_t6,0.1731611817428847
y3_t3 y3_t4 y2_t7,0.1731611817428847
y3_t3 y3_t5 y2_t7,0.1731611817428847
y3_t3 y3_t5 y2_t6,0.1731611817428847
y3_t2 y3_t5 y2_t7,0.1731611817428847
y3_t2 y3_t4 y2_t6,0.1731611817428847
y3_t2 y3_t4 y2_t7,0.1731611817428847
y3_t2 y3_t5 y2_t6,0.1731611817428847
y1_t0 y1_t2 y4_t5,0.17308989153069174
y1_t1 y1_t3 y4_t4,0.17308989153069174
y1_t0 y1_t3 y4_t5,0.17308989153069174
y1_t0 y1_t3 y4_t4,0.17308989153069174
y1_t0 y1_t2 y4_t4,0.17308989153069174
y1_t1 y1_t3 y4_t5,0.17308989153069174
y1_t1 y1_t2 y4_t5,0.17308989153069174
y1_t1 y1_t2 y4_t4,0.17308989153069174
y1_t0^2 y1_t6,0.1702863947628715
y1_t1^2 y1_t6,0.1702863947628715
y1_t0^2 y1_t7,0.1702863947628715
y1_t0 y1_t1 y1_t6,0.1702863947628715
y1_t0 y1_t1 y1_t7,0.1702863947628715
y1_t1^2 y1_t7,0.1702863947628715
y1_t4 y2_t7 y4_t7,0.16816718944498876
y1_t4 y2_t6 y4_t7,0.16816718944498876
y1_t5 y2_t6 y4_t6,0.16816718944498876
y1_t5 y2_t7 y4_t7,0.16816718944498876
y1_t5 y2_t6 y4_t7,0.16816718944498876
y1_t4 y2_t6 y4_t6,0.16816718944498876
y1_t4 y4_t6 y2_t7,0.16816718944498876
y1_t5 y4_t6 y2_t7,0.16816718944498876
y4_t0^2 y3_t1,0.16749598114392086
y4_t0 y3_t1 y4_t1,0.16749598114392086
y3_t0 y4_t1^2,0.16749598114392075
y3_t0 y4_t0 y4_t1,0.16749598114392075
y3_t0 y4_t0^2,0.16749598114392075
y3_t1 y4_t1^2,0.16749598114392075
y1_t2 y2_t5^2,-0.16708330683626524
y1_t3 y2_t4 y2_t5,-0.16708330683626524
y1_t3 y2_t4^2,-0.16708330683626524
y1_t2 y2_t4^2,-0.16708330683626524
y1_t3 y2_t5^2,-0.16708330683626524
y1_t2 y2_t4 y2_t5,-0.16708330683626524
y1_t3 y1_t7 y4_t7,0.16698913856960482
y1_t2 y1_t6 y4_t6,0.16698913856960482
y1_t2 y1_t6 y4_t7,0.16698913856960482
y1_t3 y1_t6 y4_t7,0.16698913856960482
y1_t3 y1_t6 y4_t6,0.16698913856960482
y1_t2 y4_t6 y1_t7,0.16698913856960482
y1_t2 y1_t7 y4_t7,0.16698913856960482
y1_t3 y4_t6 y1_t7,0.16698913856960482
y1_t2 y1_t4 y2_t4,-0.1669628591874513
y1_t2 y2_t4 y1_t5,-0.1669628591874513
y1_t2 y1_t5 y2_t5,-0.1669628591874513
y1_t3 y2_t4 y1_t5,-0.1669628591874513
y1_t3 y1_t4 y2_t4,-0.1669628591874513
y1_t2 y1_t4 y2_t5,-0.1669628591874513
y1_t3 y1_t5 y2_t5,-0.1669628591874513
y1_t3 y1_t4 y2_t5,-0.1669628591874513
y4_t0 y1_t2 y1_t3,0.16685768607856327
y4_t0 y1_t2^2,0.16685768607856327
y4_t0 y1_t3^2,0.16685768607856327
y4_t1 y1_t2^2,0.16685768607856327
y4_t1 y1_t3^2,0.16685768607856327
y4_t1 y1_t2 y1_t3,0.16685768607856327
y2_t2 y2_t3 y3_t7,0.16622358965661668
y2_t3^2 y3_t6,0.16622358965661668
y2_t2^2 y3_t7,0.16622358965661668
y2_t2 y2_t3 y3_t6,0.16622358965661668
y2_t2^2 y3_t6,0.16622358965661668
y2_t3^2 y3_t7,0.16622358965661668
y3_t1,0.16569742514759545
y3_t0,0.16569742514759545
y3_t2^2 y2_t7,0.1651869184376691
y3_t3^2 y2_t7,0.1651869184376691
y3_t2 y3_t3 y2_t7,0.1651869184376691
y3_t2 y3_t3 y2_t6,0.1651869184376691
y3_t2^2 y2_t6,0.1651869184376691
y3_t3^2 y2_t6,0.1651869184376691
y2_t6 y3_t6 y1_t7,0.16409319479924817
y2_t6 y1_t7 y3_t7,0.16409319479924817
y3_t6 y1_t7 y2_t7,0.16409319479924814
y1_t6 y3_t6 y2_t7,0.16409319479924808
y1_t6 y2_t6 y3_t6,0.16409319479924808
y1_t6 y2_t6 y3_t7,0.16409319479924808
y1_t7 y2_t7 y3_t7,0.16409319479924808
y1_t6 y2_t7 y3_t7,0.16409319479924808
y4_t5 y1_t6,-0.1639522034939067
y4_t4 y1_t6,-0.1639522034939067
y4_t4 y1_t7,-0.1639522034939067
y4_t5 y1_t7,-0.1639522034939067
y2_t3 y2_t6 y2_t7,0.16385845055018544
y2_t3 y2_t6^2,0.16385845055018544
y2_t3 y2_t7^2,0.16385845055018544
y2_t2 y2_t6 y2_t7,0.16385845055018544
y2_t2 y2_t7^2,0.16385845055018544
y2_t2 y2_t6^2,0.16385845055018544
y4_t5^2 y4_t6,-0.16381826401868232
y4_t5^2 y4_t7,-0.16381826401868232
y4_t4^2 y4_t6,-0.16381826401868232
y4_t4 y4_t5 y4_t7,-0.16381826401868232
y4_t4^2 y4_t7,-0.16381826401868232
y4_t4 y4_t5 y4_t6,-0.16381826401868232
y3_t1 y3_t2 y2_t7,0.16327558525163272
y3_t0 y3_t2 y2_t7,0.16327558525163272
y3_t0 y3_t3 y2_t6,0.16327558525163272
y3_t1 y3_t2 y2_t6,0.16327558525163272
y3_t1 y3_t3 y2_t7,0.16327558525163272
y3_t1 y3_t3 y2_t6,0.16327558525163272
y3_t0 y3_t3 y2_t7,0.16327558525163272
y3_t0 y3_t2 y2_t6,0.16327558525163272
y1_t0 y1_t4 y4_t6,0.16322094981536778
y1_t1 y1_t4 y4_t7,0.16322094981536778
y1_t1 y1_t5 y4_t6,0.16322094981536778
y1_t0 y1_t4 y4_t7,0.16322094981536778
y1_t1 y1_t4 y4_t6,0.16322094981536778
y1_t0 y1_t5 y4_t6,0.16322094981536778
y1_t0 y1_t5 y4_t7,0.16322094981536778
y1_t1 y1_t5 y4_t7,0.16322094981536778
y3_t0 y1_t4,-0.16220838893997355
y3_t1 y1_t5,-0.16220838893997355
y3_t1 y1_t4,-0.16220838893997355
y3_t0 y1_t5,-0.16220838893997355
y2_t0 y2_t2 y4_t6,0.16212850876210727
y2_t1 y2_t2 y4_t6,0.16212850876210727
y2_t0 y2_t3 y4_t7,0.16212850876210727
y2_t1 y2_t3 y4_t7,0.16212850876210727
y2_t1 y2_t2 y4_t7,0.16212850876210727
y2_t0 y2_t2 y4_t7,0.16212850876210727
y2_t1 y2_t3 y4_t6,0.16212850876210727
y2_t0 y2_t3 y4_t6,0.16212850876210727
y1_t3,0.16201486397397652
y1_t2,0.16201486397397652
y4_t0 y2_t3 y1_t6,0.1610949037495723
y4_t0 y2_t2 y1_t6,0.1610949037495723
y4_t1 y2_t2 y1_t6,0.1610949037495723
y4_t1 y2_t3 y1_t6,0.1610949037495723
y4_t1 y2_t3 y1_t7,0.1610949037495723
y4_t0 y2_t2 y1_t7,0.1610949037495723
y4_t0 y2_t3 y1_t7,0.1610949037495723
y4_t1 y2_t2 y1_t7,0.1610949037495723
y4_t0 y2_t3 y4_t7,-0.16108624802788363
y4_t0 y2_t3 y4_t6,-0.16108624802788363
y4_t0 y2_t2 y4_t7,-0.16108624802788363
y4_t1 y2_t2 y4_t6,-0.16108624802788363
y4_t1 y2_t3 y4_t7,-0.16108624802788363
y4_t1 y2_t2 y4_t7,-0.16108624802788363
y4_t1 y2_t3 y4_t6,-0.16108624802788363
y4_t0 y2_t2 y4_t6,-0.16108624802788363
y1_t4 y3_t4 y1_t7,0.16101125125210827
y1_t4 y3_t4 y1_t6,0.16101125125210827
y1_t4 y3_t5 y1_t7,0.16101125125210827
y1_t4 y3_t5 y1_t6,0.16101125125210827
y1_t5 y3_t5 y1_t7,0.16101125125210827
y1_t5 y3_t5 y1_t6,0.16101125125210827
y3_t4 y1_t5 y1_t7,0.16101125125210825
y3_t4 y1_t5 y1_t6,0.16101125125210825
y4_t1 y3_t2 y3_t5,0.1593842430963912
y4_t0 y3_t2 y3_t5,0.1593842430963912
y4_t0 y3_t2 y3_t4,0.1593842430963912
y4_t1 y3_t3 y3_t5,0.1593842430963912
y4_t0 y3_t3 y3_t5,0.1593842430963912
y4_t1 y3_t3 y3_t4,0.1593842430963912
y4_t0 y3_t3 y3_t4,0.1593842430963912
y4_t1 y3_t2 y3_t4,0.1593842430963912
y1_t4 y4_t4,-0.15911714116307085
y1_t4 y4_t5,-0.15911714116307085
y1_t5 y4_t5,-0.15911714116307085
y4_t4 y1_t5,-0.15911714116307085
y4_t0 y2_t1^2,-0.15898543987381902
y2_t0 y2_t1 y4_t1,-0.1589854398738189
y2_t1^2 y4_t1,-0.1589854398738189
y2_t0 y4_t0 y2_t1,-0.1589854398738189
y2_t0^2 y4_t0,-0.1589854398738189
y2_t0^2 y4_t1,-0.1589854398738189
y3_t6^2 y3_t7,0.1589420785218798
y3_t7^3,0.1589420785218798
y3_t6^3,0.1589420785218798
y3_t6 y3_t7^2,0.1589420785218798
y3_t0^2 y1_t3,-0.15837370950063046
y3_t0 y3_t1 y1_t2,-0.15837370950063046
y3_t0 y3_t1 y1_t3,-0.15837370950063046
y3_t0^2 y1_t2,-0.15837370950063046
y3_t1^2 y1_t3,-0.15837370950063046
y3_t1^2 y1_t2,-0.15837370950063046
y1_t1^2 y4_t3,0.1574667619321126
y1_t1^2 y4_t2,0.1574667619321126
y1_t0^2 y4_t2,0.1574667619321126
y1_t0 y1_t1 y4_t3,0.1574667619321126
y1_t0 y1_t1 y4_t2,0.1574667619321126
y1_t0^2 y4_t3,0.1574667619321126
y1_t3 y4_t4 y2_t6,-0.1570853348364535
y1_t3 y4_t4 y2_t7,-0.1570853348364535
y1_t2 y4_t4 y2_t6,-0.1570853348364535
y1_t3 y4_t5 y2_t6,-0.1570853348364535
y1_t2 y4_t5 y2_t7,-0.1570853348364535
y1_t2 y4_t5 y2_t6,-0.1570853348364535
y1_t2 y4_t4 y2_t7,-0.1570853348364535
y1_t3 y4_t5 y2_t7,-0.1570853348364535
y1_t1 y3_t4,0.1564708283064104
y1_t0 y3_t5,0.1564708283064104
y1_t0 y3_t4,0.1564708283064104
y1_t1 y3_t5,0.1564708283064104
y1_t0 y4_t1 y4_t6,-0.1553856929260133
y1_t1 y4_t1 y4_t7,-0.1553856929260133
y1_t0 y4_t0 y4_t7,-0.1553856929260133
y1_t0 y4_t0 y4_t6,-0.1553856929260133
y1_t0 y4_t1 y4_t7,-0.1553856929260133
y1_t1 y4_t1 y4_t6,-0.1553856929260133
y4_t0 y1_t1 y4_t6,-0.15538569292601326
y4_t0 y1_t1 y4_t7,-0.15538569292601326
y1_t2 y1_t4 y3_t7,0.155230997311255
y1_t3 y1_t4 y3_t7,0.155230997311255
y1_t2 y1_t4 y3_t6,0.155230997311255
y1_t3 y1_t5 y3_t6,0.155230997311255
y1_t3 y1_t5 y3_t7,0.155230997311255
y1_t2 y1_t5 y3_t6,0.155230997311255
y1_t2 y1_t5 y3_t7,0.155230997311255
y1_t3 y1_t4 y3_t6,0.155230997311255
y3_t1 y2_t5,-0.15425800127134076
y3_t0 y2_t4,-0.15425800127134076
y3_t0 y2_t5,-0.15425800127134076
y3_t1 y2_t4,-0.15425800127134076
y1_t2 y1_t3 y3_t4,0.15417299626820086
y1_t3^2 y3_t4,0.15417299626820086
y1_t2^2 y3_t4,0.15417299626820086
y1_t2^2 y3_t5,0.15417299626820086
y1_t2 y1_t3 y3_t5,0.15417299626820086
y1_t3^2 y3_t5,0.15417299626820086
y3_t1 y4_t1 y4_t6,0.15403860085305207
y3_t0 y4_t0 y4_t6,0.15403860085305207
y3_t0 y4_t1 y4_t6,0.15403860085305207
y3_t0 y4_t1 y4_t7,0.15403860085305207
y3_t0 y4_t0 y4_t7,0.15403860085305207
y4_t0 y3_t1 y4_t7,0.15403860085305207
y3_t1 y4_t1 y4_t7,0.15403860085305207
y4_t0 y3_t1 y4_t6,0.15403860085305207
y3_t5 y3_t6 y2_t7,0.1537936968474079
y3_t5 y2_t7 y3_t7,0.1537936968474079
y3_t5 y2_t6 y3_t7,0.1537936968474079
y3_t5 y2_t6 y3_t6,0.1537936968474079
y3_t4 y2_t6 y3_t7,0.1537936968474079
y3_t4 y2_t7 y3_t7,0.1537936968474079
y3_t4 y2_t6 y3_t6,0.1537936968474079
y3_t4 y3_t6 y2_t7,0.1537936968474079
y3_t0 y3_t1 y3_t3,0.15359673639938864
y3_t1^2 y3_t2,0.15359673639938864
y3_t0^2 y3_t3,0.15359673639938864
y3_t1^2 y3_t3,0.15359673639938864
y3_t0^2 y3_t2,0.15359673639938864
y3_t0 y3_t1 y3_t2,0.15359673639938864
y3_t3^2 y1_t6,0.15325679556540345
y3_t2 y3_t3 y1_t6,0.15325679556540345
y3_t2^2 y1_t7,0.15325679556540345
y3_t2^2 y1_t6,0.15325679556540345
y3_t3^2 y1_t7,0.15325679556540345
y3_t2 y3_t3 y1_t7,0.15325679556540345
y1_t2^2 y1_t3,0.15237875958443417
y1_t2^3,0.15237875958443417
y1_t2 y1_t3^2,0.15237875958443417
y1_t3^3,0.15237875958443417
y2_t0 y1_t1 y4_t6,0.15227623068850898
y1_t1 y2_t1 y4_t7,0.15227623068850898
y1_t1 y2_t1 y4_t6,0.15227623068850898
y1_t0 y2_t0 y4_t7,0.15227623068850898
y1_t0 y2_t1 y4_t7,0.15227623068850898
y2_t0 y1_t1 y4_t7,0.15227623068850898
y1_t0 y2_t1 y4_t6,0.15227623068850898
y1_t0 y2_t0 y4_t6,0.15227623068850898
y2_t0 y4_t0 y2_t7,-0.15197862675555615
y2_t0 y4_t0 y2_t6,-0.15197862675555615
y2_t0 y4_t1 y2_t7,-0.15197862675555615
y2_t1 y4_t1 y2_t6,-0.15197862675555615
y2_t1 y4_t1 y2_t7,-0.15197862675555615
y2_t0 y4_t1 y2_t6,-0.15197862675555615
y4_t0 y2_t1 y2_t6,-0.1519786267555561
y4_t0 y2_t1 y2_t7,-0.1519786267555561
y4_t1 y3_t3 y3_t7,0.15167063824441143
y4_t1 y3_t2 y3_t7,0.15167063824441143
y4_t1 y3_t3 y3_t6,0.15167063824441143
y4_t0 y3_t2 y3_t6,0.15167063824441143
y4_t0 y3_t2 y3_t7,0.15167063824441143
y4_t0 y3_t3 y3_t6,0.15167063824441143
y4_t1 y3_t2 y3_t6,0.15167063824441143
y4_t0 y3_t3 y3_t7,0.15167063824441143
y4_t1 y4_t5 y3_t7,0.15124925753319113
y4_t1 y4_t5 y3_t6,0.15124925753319113
y4_t0 y4_t4 y3_t6,0.15124925753319113
y4_t0 y4_t5 y3_t7,0.15124925753319113
y4_t0 y4_t5 y3_t6,0.15124925753319113
y4_t1 y4_t4 y3_t7,0.15124925753319113
y4_t0 y4_t4 y3_t7,0.15124925753319113
y4_t1 y4_t4 y3_t6,0.15124925753319113
y3_t2 y3_t4 y1_t6,0.15089959507778675
y3_t3 y3_t5 y1_t6,0.15089959507778675
y3_t2 y3_t5 y1_t6,0.15089959507778675
y3_t3 y3_t5 y1_t7,0.15089959507778675
y3_t2 y3_t4 y1_t7,0.15089959507778675
y3_t3 y3_t4 y1_t7,0.15089959507778675
y3_t2 y3_t5 y1_t7,0.15089959507778675
y3_t3 y3_t4 y1_t6,0.15089959507778675
y3_t0 y1_t2 y2_t7,-0.1504248573560333
y3_t0 y1_t2 y2_t6,-0.1504248573560333
y3_t0 y1_t3 y2_t7,-0.1504248573560333
y3_t1 y1_t2 y2_t7,-0.1504248573560333
y3_t1 y1_t3 y2_t7,-0.1504248573560333
y3_t1 y1_t3 y2_t6,-0.1504248573560333
y3_t0 y1_t3 y2_t6,-0.1504248573560333
y3_t1 y1_t2 y2_t6,-0.1504248573560333
y2_t1^2 y3_t4,0.1501186665626283
y2_t0^2 y3_t4,0.1501186665626283
y2_t1^2 y3_t5,0.1501186665626283
y2_t0^2 y3_t5,0.1501186665626283
y2_t0 y2_t1 y3_t4,0.1501186665626283
y2_t0 y2_t1 y3_t5,0.1501186665626283
y1_t0 y3_t2 y1_t5,-0.14955535434981032
y1_t0 y3_t3 y1_t4,-0.14955535434981032
y1_t1 y3_t3 y1_t5,-0.14955535434981032
y1_t1 y3_t2 y1_t5,-0.14955535434981032
y1_t0 y3_t3 y1_t5,-0.14955535434981032
y1_t1 y3_t2 y1_t4,-0.14955535434981032
y1_t1 y3_t3 y1_t4,-0.14955535434981032
y1_t0 y3_t2 y1_t4,-0.14955535434981032
y4_t0 y1_t3 y4_t7,-0.149138647066282
y4_t1 y1_t3 y4_t6,-0.149138647066282
y4_t0 y1_t2 y4_t7,-0.149138647066282
y4_t0 y1_t2 y4_t6,-0.149138647066282
y4_t1 y1_t2 y4_t7,-0.149138647066282
y4_t1 y1_t3 y4_t7,-0.149138647066282
y4_t0 y1_t3 y4_t6,-0.149138647066282
y4_t1 y1_t2 y4_t6,-0.149138647066282
y3_t0 y3_t6 y2_t7,0.14882442192352668
y3_t0 y2_t7 y3_t7,0.14882442192352668
y3_t1 y2_t6 y3_t6,0.14882442192352668
y3_t1 y2_t6 y3_t7,0.14882442192352668
y3_t0 y2_t6 y3_t6,0.14882442192352668
y3_t1 y3_t6 y2_t7,0.14882442192352668
y3_t1 y2_t7 y3_t7,0.14882442192352668
y3_t0 y2_t6 y3_t7,0.14882442192352668
y3_t2 y2_t7 y3_t7,0.148395379639644
y3_t3 y2_t6 y3_t7,0.148395379639644
y3_t3 y2_t7 y3_t7,0.148395379639644
y3_t2 y3_t6 y2_t7,0.148395379639644
y3_t2 y2_t6 y3_t6,0.148395379639644
y3_t3 y3_t6 y2_t7,0.148395379639644
y3_t2 y2_t6 y3_t7,0.148395379639644
y3_t3 y2_t6 y3_t6,0.148395379639644
y2_t2 y3_t6^2,0.1479572122231905
y2_t3 y3_t7^2,0.1479572122231905
y2_t3 y3_t6 y3_t7,0.1479572122231905
y2_t2 y3_t7^2,0.1479572122231905
y2_t3 y3_t6^2,0.1479572122231905
y2_t2 y3_t6 y3_t7,0.1479572122231905
y2_t1 y1_t6^2,0.1462212901435591
y2_t1 y1_t7^2,0.1462212901435591
y2_t0 y1_t7^2,0.1462212901435591
y2_t1 y1_t6 y1_t7,0.1462212901435591
y2_t0 y1_t6 y1_t7,0.1462212901435591
y2_t0 y1_t6^2,0.1462212901435591
y2_t4 y1_t7 y2_t7,0.14613168613521965
y2_t4 y1_t6 y2_t7,0.14613168613521965
y2_t4 y2_t6 y1_t7,0.14613168613521965
y2_t4 y1_t6 y2_t6,0.14613168613521965
y2_t5 y1_t6 y2_t7,0.14613168613521965
y2_t5 y1_t7 y2_t7,0.14613168613521965
y2_t5 y2_t6 y1_t7,0.14613168613521965
y2_t5 y1_t6 y2_t6,0.14613168613521965
y3_t2 y1_t6 y3_t7,0.14560419381516976
y3_t3 y1_t7 y3_t7,0.14560419381516976
y3_t2 y1_t6 y3_t6,0.14560419381516976
y3_t3 y3_t6 y1_t7,0.14560419381516976
y3_t3 y1_t6 y3_t7,0.14560419381516976
y3_t2 y3_t6 y1_t7,0.14560419381516976
y3_t2 y1_t7 y3_t7,0.14560419381516976
y3_t3 y1_t6 y3_t6,0.14560419381516976
y2_t1^2 y2_t3,0.14559528241901598
y2_t1^2 y2_t2,0.14559528241901598
y2_t0^2 y2_t2,0.14559528241901598
y2_t0^2 y2_t3,0.14559528241901598
y2_t0 y2_t1 y2_t3,0.14559528241901598
y2_t0 y2_t1 y2_t2,0.14559528241901598
y2_t4 y4_t7,-0.1455041393066808
y2_t4 y4_t6,-0.1455041393066808
y2_t5 y4_t7,-0.1455041393066808
y2_t5 y4_t6,-0.1455041393066808
y4_t0 y3_t3^2,0.14514211368307878
y4_t1 y3_t2^2,0.14514211368307878
y4_t1 y3_t2 y3_t3,0.14514211368307878
y4_t0 y3_t2^2,0.14514211368307878
y4_t0 y3_t2 y3_t3,0.14514211368307878
y4_t1 y3_t3^2,0.14514211368307878
y2_t1 y2_t2 y2_t6,-0.14449672576617745
y2_t1 y2_t3 y2_t7,-0.14449672576617745
y2_t1 y2_t3 y2_t6,-0.14449672576617745
y2_t0 y2_t3 y2_t7,-0.14449672576617745
y2_t0 y2_t2 y2_t7,-0.14449672576617745
y2_t0 y2_t3 y2_t6,-0.14449672576617745
y2_t0 y2_t2 y2_t6,-0.14449672576617745
y2_t1 y2_t2 y2_t7,-0.14449672576617745
y3_t1 y1_t6 y2_t6,0.14439249190068415
y3_t0 y1_t7 y2_t7,0.14439249190068415
y3_t0 y1_t6 y2_t7,0.14439249190068415
y3_t0 y1_t6 y2_t6,0.14439249190068415
y3_t1 y1_t6 y2_t7,0.14439249190068415
y3_t0 y2_t6 y1_t7,0.14439249190068415
y3_t1 y2_t6 y1_t7,0.14439249190068415
y3_t1 y1_t7 y2_t7,0.14439249190068415
y2_t0 y3_t4 y1_t7,-0.14410997893775687
y2_t1 y3_t4 y1_t6,-0.14410997893775687
y2_t1 y3_t5 y1_t6,-0.14410997893775687
y2_t1 y3_t5 y1_t7,-0.14410997893775687
y2_t0 y3_t4 y1_t6,-0.14410997893775687
y2_t1 y3_t4 y1_t7,-0.14410997893775687
y2_t0 y3_t5 y1_t7,-0.14410997893775687
y2_t0 y3_t5 y1_t6,-0.14410997893775687
y2_t1 y3_t1 y2_t6,-0.14215603754240896
y2_t1 y3_t1 y2_t7,-0.14215603754240896
y2_t0 y3_t1 y2_t7,-0.14215603754240896
y2_t0 y3_t0 y2_t7,-0.14215603754240896
y2_t0 y3_t0 y2_t6,-0.14215603754240896
y2_t0 y3_t1 y2_t6,-0.14215603754240896
y3_t0 y2_t1 y2_t6,-0.1421560375424089
y3_t0 y2_t1 y2_t7,-0.1421560375424089
y4_t1 y2_t5,-0.14138814385136256
y4_t0 y2_t4,-0.14138814385136256
y4_t1 y2_t4,-0.14138814385136256
y4_t0 y2_t5,-0.14138814385136256
y4_t0 y4_t3 y1_t4,-0.1393731363104574
y4_t0 y4_t2 y1_t5,-0.1393731363104574
y4_t1 y4_t3 y1_t5,-0.1393731363104574
y4_t1 y4_t3 y1_t4,-0.1393731363104574
y4_t0 y4_t3 y1_t5,-0.1393731363104574
y4_t1 y4_t2 y1_t5,-0.1393731363104574
y4_t0 y4_t2 y1_t4,-0.1393731363104574
y4_t1 y4_t2 y1_t4,-0.1393731363104574
y1_t1 y3_t3 y2_t7,-0.13929582563738646
y1_t1 y3_t3 y2_t6,-0.13929582563738646
y1_t0 y3_t3 y2_t6,-0.13929582563738646
y1_t1 y3_t2 y2_t6,-0.13929582563738646
y1_t1 y3_t2 y2_t7,-0.13929582563738646
y1_t0 y3_t2 y2_t7,-0.13929582563738646
y1_t0 y3_t3 y2_t7,-0.13929582563738646
y1_t0 y3_t2 y2_t6,-0.13929582563738646
y4_t4 y2_t6 y2_t7,0.13894114937471735
y4_t5 y2_t7^2,0.13894114937471735
y4_t5 y2_t6 y2_t7,0.13894114937471735
y4_t5 y2_t6^2,0.13894114937471735
y4_t4 y2_t7^2,0.13894114937471735
y4_t4 y2_t6^2,0.13894114937471735
y3_t0 y1_t3 y1_t5,-0.13817287031052447
y3_t1 y1_t2 y1_t5,-0.13817287031052447
y3_t0 y1_t3 y1_t4,-0.13817287031052447
y3_t0 y1_t2 y1_t5,-0.13817287031052447
y3_t0 y1_t2 y1_t4,-0.13817287031052447
y3_t1 y1_t2 y1_t4,-0.13817287031052447
y3_t1 y1_t3 y1_t4,-0.13817287031052447
y3_t1 y1_t3 y1_t5,-0.13817287031052447
y1_t3 y4_t5 y4_t6,-0.13776979767026715
y1_t2 y4_t4 y4_t7,-0.13776979767026715
y1_t2 y4_t5 y4_t6,-0.13776979767026715
y1_t2 y4_t5 y4_t7,-0.13776979767026715
y1_t3 y4_t4 y4_t7,-0.13776979767026715
y1_t2 y4_t4 y4_t6,-0.13776979767026715
y1_t3 y4_t5 y4_t7,-0.13776979767026715
y1_t3 y4_t4 y4_t6,-0.13776979767026715
y3_t3 y3_t5,-0.13773835556404873
y3_t2 y3_t5,-0.13773835556404873
y3_t3 y3_t4,-0.13773835556404873
y3_t2 y3_t4,-0.13773835556404873
y1_t0 y4_t6^2,-0.13751374163900487
y1_t0 y4_t7^2,-0.13751374163900487
y1_t1 y4_t7^2,-0.13751374163900487
y1_t1 y4_t6 y4_t7,-0.13751374163900487
y1_t0 y4_t6 y4_t7,-0.13751374163900487
y1_t1 y4_t6^2,-0.13751374163900487
y1_t4^2 y2_t6,-0.13693616002403913
y1_t4 y1_t5 y2_t6,-0.13693616002403913
y1_t4 y1_t5 y2_t7,-0.13693616002403913
y1_t4^2 y2_t7,-0.13693616002403913
y1_t5^2 y2_t7,-0.13693616002403913
y1_t5^2 y2_t6,-0.13693616002403913
y3_t0 y1_t2 y3_t3,-0.1368048371805614
y3_t0 y1_t3 y3_t3,-0.1368048371805614
y3_t0 y3_t2 y1_t3,-0.1368048371805614
y3_t0 y1_t2 y3_t2,-0.1368048371805614
y3_t1 y3_t2 y1_t3,-0.1368048371805614
y3_t1 y1_t3 y3_t3,-0.1368048371805614
y3_t1 y1_t2 y3_t2,-0.1368048371805614
y3_t1 y1_t2 y3_t3,-0.1368048371805614
y4_t0 y3_t5 y2_t7,-0.13614959436408394
y4_t0 y3_t4 y2_t6,-0.13614959436408394
y4_t1 y3_t5 y2_t7,-0.13614959436408394
y4_t1 y3_t4 y2_t7,-0.13614959436408394
y4_t0 y3_t4 y2_t7,-0.13614959436408394
y4_t1 y3_t5 y2_t6,-0.13614959436408394
y4_t1 y3_t4 y2_t6,-0.13614959436408394
y4_t0 y3_t5 y2_t6,-0.13614959436408394
y4_t4^2 y3_t7,0.13568436050423446
y4_t5^2 y3_t6,0.13568436050423446
y4_t4 y4_t5 y3_t6,0.13568436050423446
y4_t4^2 y3_t6,0.13568436050423446
y4_t4 y4_t5 y3_t7,0.13568436050423446
y4_t5^2 y3_t7,0.13568436050423446
y2_t2 y3_t4^2,0.1352145161808797
y2_t2 y3_t5^2,0.1352145161808797
y2_t3 y3_t5^2,0.1352145161808797
y2_t3 y3_t4^2,0.1352145161808797
y2_t2 y3_t4 y3_t5,0.1352145161808797
y2_t3 y3_t4 y3_t5,0.1352145161808797
y1_t5 y3_t6 y2_t7,0.13471246010857155
y1_t4 y2_t7 y3_t7,0.13471246010857155
y1_t5 y2_t6 y3_t7,0.13471246010857155
y1_t5 y2_t6 y3_t6,0.13471246010857155
y1_t4 y2_t6 y3_t7,0.13471246010857155
y1_t4 y2_t6 y3_t6,0.13471246010857155
y1_t4 y3_t6 y2_t7,0.13471246010857155
y1_t5 y2_t7 y3_t7,0.13471246010857155
y1_t1 y2_t6 y2_t7,-0.1346065024311593
y1_t1 y2_t6^2,-0.1346065024311593
y1_t0 y2_t6 y2_t7,-0.1346065024311593
y1_t0 y2_t7^2,-0.1346065024311593
y1_t1 y2_t7^2,-0.1346065024311593
y1_t0 y2_t6^2,-0.1346065024311593
y1_t0 y4_t5 y2_t7,-0.1344459247398116
y1_t1 y4_t4 y2_t7,-0.1344459247398116
y1_t1 y4_t5 y2_t7,-0.1344459247398116
y1_t0 y4_t4 y2_t7,-0.1344459247398116
y1_t0 y4_t4 y2_t6,-0.1344459247398116
y1_t0 y4_t5 y2_t6,-0.1344459247398116
y1_t1 y4_t4 y2_t6,-0.1344459247398116
y1_t1 y4_t5 y2_t6,-0.1344459247398116
y3_t6 y3_t7,-0.1342488909052588
y3_t7^2,-0.13424889090525877
y3_t6^2,-0.13424889090525877
y3_t0 y4_t4 y4_t5,0.13317046760696066
y3_t1 y4_t5^2,0.13317046760696066
y3_t0 y4_t5^2,0.13317046760696066
y3_t1 y4_t4 y4_t5,0.13317046760696066
y3_t1 y4_t4^2,0.13317046760696066
y3_t0 y4_t4^2,0.13317046760696066
y1_t3 y3_t6^2,-0.1330713443604281
y1_t3 y3_t6 y3_t7,-0.1330713443604281
y1_t2 y3_t6 y3_t7,-0.1330713443604281
y1_t3 y3_t7^2,-0.1330713443604281
y1_t2 y3_t7^2,-0.1330713443604281
y1_t2 y3_t6^2,-0.1330713443604281
y2_t3 y1_t7 y2_t7,0.13233513364866437
y2_t2 y1_t6 y2_t6,0.13233513364866437
y2_t2 y1_t6 y2_t7,0.13233513364866437
y2_t3 y2_t6 y1_t7,0.13233513364866437
y2_t3 y1_t6 y2_t7,0.13233513364866437
y2_t2 y2_t6 y1_t7,0.13233513364866437
y2_t3 y1_t6 y2_t6,0.13233513364866437
y2_t2 y1_t7 y2_t7,0.13233513364866437
y1_t2 y1_t3 y1_t6,0.13172758073187574
y1_t2 y1_t3 y1_t7,0.13172758073187574
y1_t3^2 y1_t6,0.13172758073187574
y1_t2^2 y1_t6,0.13172758073187574
y1_t2^2 y1_t7,0.13172758073187574
y1_t3^2 y1_t7,0.13172758073187574
y3_t0 y3_t3 y1_t7,0.1306890513158135
y3_t0 y3_t3 y1_t6,0.1306890513158135
y3_t0 y3_t2 y1_t7,0.1306890513158135
y3_t1 y3_t2 y1_t6,0.1306890513158135
y3_t1 y3_t2 y1_t7,0.1306890513158135
y3_t1 y3_t3 y1_t6,0.1306890513158135
y3_t0 y3_t2 y1_t6,0.1306890513158135
y3_t1 y3_t3 y1_t7,0.1306890513158135
y3_t0 y4_t0 y2_t6,0.13064834540803522
y3_t0 y4_t0 y2_t7,0.13064834540803516
y3_t0 y4_t1 y2_t7,0.13064834540803516
y3_t0 y4_t1 y2_t6,0.13064834540803516
y3_t1 y4_t1 y2_t7,0.13064834540803516
y3_t1 y4_t1 y2_t6,0.13064834540803516
y4_t0 y3_t1 y2_t6,0.13064834540803513
y4_t0 y3_t1 y2_t7,0.13064834540803513
y4_t2 y1_t5 y1_t6,0.12964363770840273
y4_t3 y1_t5 y1_t7,0.12964363770840273
y4_t2 y1_t5 y1_t7,0.12964363770840273
y4_t2 y1_t4 y1_t6,0.12964363770840273
y4_t3 y1_t4 y1_t6,0.12964363770840273
y4_t3 y1_t4 y1_t7,0.12964363770840273
y4_t2 y1_t4 y1_t7,0.12964363770840273
y4_t3 y1_t5 y1_t6,0.12964363770840273
y4_t2 y3_t4,0.12956085993514932
y4_t3 y3_t4,0.12956085993514932
y4_t3 y3_t5,0.12956085993514932
y4_t2 y3_t5,0.12956085993514932
y3_t1 y1_t2 y1_t7,-0.129278385092536
y3_t1 y1_t3 y1_t7,-0.129278385092536
y3_t1 y1_t2 y1_t6,-0.129278385092536
y3_t0 y1_t2 y1_t7,-0.129278385092536
y3_t0 y1_t3 y1_t7,-0.129278385092536
y3_t0 y1_t3 y1_t6,-0.129278385092536
y3_t1 y1_t3 y1_t6,-0.129278385092536
y3_t0 y1_t2 y1_t6,-0.129278385092536
y2_t2^2 y1_t7,0.12818842680793452
y2_t3^2 y1_t7,0.12818842680793452
y2_t2 y2_t3 y1_t6,0.12818842680793452
y2_t3^2 y1_t6,0.12818842680793452
y2_t2 y2_t3 y1_t7,0.12818842680793452
y2_t2^2 y1_t6,0.12818842680793452
y1_t4^2 y2_t4,-0.12749540740755919
y2_t4 y1_t5^2,-0.12749540740755919
y1_t4 y1_t5 y2_t5,-0.12749540740755919
y1_t4^2 y2_t5,-0.12749540740755919
y1_t4 y2_t4 y1_t5,-0.12749540740755919
y1_t5^2 y2_t5,-0.12749540740755919
y4_t0 y4_t2 y2_t3,-0.12744491524355828
y4_t1 y2_t2 y4_t3,-0.12744491524355828
y4_t1 y2_t3 y4_t3,-0.12744491524355828
y4_t1 y2_t2 y4_t2,-0.12744491524355828
y4_t0 y2_t2 y4_t3,-0.12744491524355828
y4_t0 y2_t3 y4_t3,-0.12744491524355828
y4_t1 y4_t2 y2_t3,-0.12744491524355828
y4_t0 y2_t2 y4_t2,-0.12744491524355828
y3_t1 y4_t7,-0.12669213194662088
y3_t1 y4_t6,-0.12669213194662088
y3_t0 y4_t7,-0.12669213194662088
y3_t0 y4_t6,-0.12669213194662088
y2_t3 y3_t5 y3_t6,0.12669156229605744
y2_t3 y3_t4 y3_t6,0.12669156229605744
y2_t3 y3_t4 y3_t7,0.12669156229605744
y2_t3 y3_t5 y3_t7,0.12669156229605744
y2_t2 y3_t4 y3_t7,0.12669156229605744
y2_t2 y3_t5 y3_t7,0.12669156229605744
y2_t2 y3_t5 y3_t6,0.12669156229605744
y2_t2 y3_t4 y3_t6,0.12669156229605744
y1_t2 y3_t3 y1_t6,-0.12660322914587738
y1_t2 y3_t2 y1_t7,-0.12660322914587738
y1_t3 y3_t3 y1_t7,-0.12660322914587738
y1_t3 y3_t3 y1_t6,-0.12660322914587738
y1_t2 y3_t2 y1_t6,-0.12660322914587738
y1_t2 y3_t3 y1_t7,-0.12660322914587738
y3_t2 y1_t3 y1_t7,-0.12660322914587732
y3_t2 y1_t3 y1_t6,-0.12660322914587732
y2_t0 y1_t1 y2_t3,0.1259081166467552
y2_t0 y1_t1 y2_t2,0.1259081166467552
y1_t0 y2_t1 y2_t2,0.12590811664675516
y1_t0 y2_t1 y2_t3,0.12590811664675516
y1_t1 y2_t1 y2_t3,0.12590811664675516
y1_t0 y2_t0 y2_t2,0.12590811664675516
y1_t1 y2_t1 y2_t2,0.12590811664675516
y1_t0 y2_t0 y2_t3,0.12590811664675516
y2_t1 y1_t4 y2_t7,-0.12520797334120032
y2_t0 y1_t5 y2_t7,-0.12520797334120032
y2_t0 y1_t5 y2_t6,-0.12520797334120032
y2_t1 y1_t4 y2_t6,-0.12520797334120032
y2_t0 y1_t4 y2_t7,-0.12520797334120032
y2_t1 y1_t5 y2_t6,-0.12520797334120032
y2_t0 y1_t4 y2_t6,-0.12520797334120032
y2_t1 y1_t5 y2_t7,-0.12520797334120032
y3_t2 y1_t6 y1_t7,0.12517203630861748
y3_t2 y1_t6^2,0.12517203630861748
y3_t3 y1_t6 y1_t7,0.12517203630861748
y3_t3 y1_t6^2,0.12517203630861748
y3_t2 y1_t7^2,0.12517203630861748
y3_t3 y1_t7^2,0.12517203630861748
y3_t0 y1_t1 y3_t1,-0.12421947355569046
y1_t1 y3_t1^2,-0.12421947355569046
y1_t0 y3_t1^2,-0.12421947355569046
y1_t0 y3_t0^2,-0.12421947355569046
y3_t0^2 y1_t1,-0.12421947355569046
y1_t0 y3_t0 y3_t1,-0.12421947355569046
y1_t1^2 y2_t1,0.1238511790315307
y1_t0 y2_t0 y1_t1,0.1238511790315307
y1_t0^2 y2_t0,0.1238511790315307
y1_t0^2 y2_t1,0.1238511790315307
y1_t0 y1_t1 y2_t1,0.1238511790315307
y2_t0 y1_t1^2,0.1238511790315306
y4_t2 y1_t3 y3_t5,0.12372327830701937
y4_t2 y1_t3 y3_t4,0.12372327830701937
y1_t2 y4_t2 y3_t4,0.12372327830701935
y1_t2 y4_t2 y3_t5,0.12372327830701935
y1_t3 y4_t3 y3_t5,0.12372327830701935
y1_t2 y4_t3 y3_t5,0.12372327830701935
y1_t2 y4_t3 y3_t4,0.12372327830701935
y1_t3 y4_t3 y3_t4,0.12372327830701935
y1_t1 y2_t3 y1_t4,0.12372031163831668
y1_t1 y2_t3 y1_t5,0.12372031163831668
y1_t0 y2_t3 y1_t5,0.12372031163831668
y1_t1 y2_t2 y1_t4,0.12372031163831668
y1_t0 y2_t3 y1_t4,0.12372031163831668
y1_t1 y2_t2 y1_t5,0.12372031163831668
y1_t0 y2_t2 y1_t5,0.12372031163831668
y1_t0 y2_t2 y1_t4,0.12372031163831668
y3_t0 y1_t4 y1_t6,0.12365581564933567
y3_t0 y1_t4 y1_t7,0.12365581564933567
y3_t1 y1_t5 y1_t7,0.12365581564933567
y3_t0 y1_t5 y1_t7,0.12365581564933567
y3_t1 y1_t4 y1_t6,0.12365581564933567
y3_t1 y1_t4 y1_t7,0.12365581564933567
y3_t1 y1_t5 y1_t6,0.12365581564933567
y3_t0 y1_t5 y1_t6,0.12365581564933567
y2_t1 y4_t2,-0.1234554161525832
y2_t1 y4_t3,-0.1234554161525832
y2_t0 y4_t2,-0.1234554161525832
y2_t0 y4_t3,-0.1234554161525832
y1_t3 y3_t4 y2_t7,-0.12252060173371329
y1_t3 y3_t4 y2_t6,-0.12252060173371329
y1_t3 y3_t5 y2_t7,-0.12252060173371329
y1_t3 y3_t5 y2_t6,-0.12252060173371329
y1_t2 y3_t4 y2_t6,-0.12252060173371329
y1_t2 y3_t4 y2_t7,-0.12252060173371329
y1_t2 y3_t5 y2_t7,-0.12252060173371329
y1_t2 y3_t5 y2_t6,-0.12252060173371329
y1_t0 y3_t0 y3_t2,-0.1222347957816588
y3_t0 y1_t1 y3_t2,-0.1222347957816588
y1_t1 y3_t1 y3_t2,-0.1222347957816588
y1_t0 y3_t1 y3_t2,-0.1222347957816588
y1_t1 y3_t1 y3_t3,-0.1222347957816588
y3_t0 y1_t1 y3_t3,-0.1222347957816588
y1_t0 y3_t0 y3_t3,-0.1222347957816588
y1_t0 y3_t1 y3_t3,-0.1222347957816588
y4_t1 y1_t4 y2_t5,0.12185895956028021
y4_t1 y2_t4 y1_t5,0.12185895956028021
y4_t1 y1_t5 y2_t5,0.12185895956028021
y4_t1 y1_t4 y2_t4,0.12185895956028021
y4_t0 y1_t4 y2_t4,0.12185895956028021
y4_t0 y1_t5 y2_t5,0.12185895956028021
y4_t0 y2_t4 y1_t5,0.12185895956028021
y4_t0 y1_t4 y2_t5,0.12185895956028021
y2_t1 y2_t2 y4_t2,0.12073717666617431
y2_t0 y2_t2 y4_t3,0.12073717666617431
y2_t1 y4_t2 y2_t3,0.12073717666617431
y2_t0 y2_t3 y4_t3,0.12073717666617431
y2_t0 y2_t2 y4_t2,0.12073717666617431
y2_t1 y2_t2 y4_t3,0.12073717666617431
y2_t0 y4_t2 y2_t3,0.12073717666617431
y2_t1 y2_t3 y4_t3,0.12073717666617431
y1_t0 y4_t3 y3_t5,0.12027051066072669
y1_t1 y4_t2 y3_t4,0.12027051066072669
y1_t0 y4_t2 y3_t4,0.12027051066072669
y1_t1 y4_t2 y3_t5,0.12027051066072669
y1_t0 y4_t2 y3_t5,0.12027051066072669
y1_t1 y4_t3 y3_t4,0.12027051066072669
y1_t1 y4_t3 y3_t5,0.12027051066072669
y1_t0 y4_t3 y3_t4,0.12027051066072669
y4_t1 y3_t2 y2_t7,0.1199630444236427
y4_t0 y3_t2 y2_t7,0.1199630444236427
y4_t1 y3_t3 y2_t7,0.1199630444236427
y4_t0 y3_t3 y2_t6,0.1199630444236427
y4_t0 y3_t2 y2_t6,0.1199630444236427
y4_t0 y3_t3 y2_t7,0.1199630444236427
y4_t1 y3_t3 y2_t6,0.1199630444236427
y4_t1 y3_t2 y2_t6,0.1199630444236427
y4_t3 y1_t4^2,0.11989040489118534
y4_t3 y1_t4 y1_t5,0.11989040489118534
y4_t2 y1_t5^2,0.11989040489118534
y4_t2 y1_t4 y1_t5,0.11989040489118534
y4_t3 y1_t5^2,0.11989040489118534
y4_t2 y1_t4^2,0.11989040489118534
y1_t3 y3_t3 y2_t7,-0.11988066124050586
y1_t2 y3_t2 y2_t6,-0.11988066124050586
y1_t2 y3_t2 y2_t7,-0.11988066124050586
y1_t3 y3_t3 y2_t6,-0.11988066124050586
y1_t2 y3_t3 y2_t7,-0.11988066124050586
y1_t2 y3_t3 y2_t6,-0.11988066124050586
y3_t2 y1_t3 y2_t7,-0.11988066124050584
y3_t2 y1_t3 y2_t6,-0.11988066124050584
y2_t3 y1_t5 y1_t7,0.119535233423513
y2_t2 y1_t5 y1_t7,0.119535233423513
y2_t3 y1_t5 y1_t6,0.119535233423513
y2_t2 y1_t5 y1_t6,0.119535233423513
y2_t3 y1_t4 y1_t7,0.119535233423513
y2_t2 y1_t4 y1_t7,0.119535233423513
y2_t3 y1_t4 y1_t6,0.119535233423513
y2_t2 y1_t4 y1_t6,0.119535233423513
y2_t1 y2_t5 y3_t6,0.11925730325367598
y2_t0 y2_t5 y3_t7,0.11925730325367598
y2_t1 y2_t5 y3_t7,0.11925730325367598
y2_t0 y2_t5 y3_t6,0.11925730325367598
y2_t0 y2_t4 y3_t7,0.11925730325367598
y2_t1 y2_t4 y3_t7,0.11925730325367598
y2_t1 y2_t4 y3_t6,0.11925730325367598
y2_t0 y2_t4 y3_t6,0.11925730325367598
y4_t5^2 y2_t7,-0.11920945720128079
y4_t5^2 y2_t6,-0.11920945720128079
y4_t4^2 y2_t7,-0.11920945720128079
y4_t4^2 y2_t6,-0.11920945720128079
y4_t4 y4_t5 y2_t6,-0.11920945720128079
y4_t4 y4_t5 y2_t7,-0.11920945720128079
y3_t1^2,-0.11882038875825124
y3_t0 y3_t1,-0.11882038875825124
y3_t0^2,-0.11882038875825124
y2_t0 y1_t2 y2_t5,-0.11849422456766824
y2_t0 y1_t3 y2_t4,-0.11849422456766824
y2_t0 y1_t2 y2_t4,-0.11849422456766824
y2_t1 y1_t3 y2_t4,-0.11849422456766824
y2_t1 y1_t2 y2_t4,-0.11849422456766824
y2_t1 y1_t3 y2_t5,-0.11849422456766824
y2_t1 y1_t2 y2_t5,-0.11849422456766824
y2_t0 y1_t3 y2_t5,-0.11849422456766824
y2_t0 y1_t2 y3_t5,0.11826366407579278
y2_t1 y1_t2 y3_t4,0.11826366407579278
y2_t1 y1_t2 y3_t5,0.11826366407579278
y2_t0 y1_t2 y3_t4,0.11826366407579278
y2_t0 y1_t3 y3_t4,0.11826366407579278
y2_t0 y1_t3 y3_t5,0.11826366407579278
y2_t1 y1_t3 y3_t5,0.11826366407579278
y2_t1 y1_t3 y3_t4,0.11826366407579278
y4_t1 y4_t5^2,0.11788087154734028
y4_t0 y4_t5^2,0.11788087154734028
y4_t1 y4_t4^2,0.11788087154734028
y4_t1 y4_t4 y4_t5,0.11788087154734028
y4_t0 y4_t4^2,0.11788087154734028
y4_t0 y4_t4 y4_t5,0.11788087154734028
y3_t2 y1_t3,0.11786460011800186
y1_t2 y3_t2,0.11786460011800186
y1_t2 y3_t3,0.11786460011800186
y1_t3 y3_t3,0.11786460011800186
y4_t1 y2_t3 y2_t7,0.11779257059154855
y4_t1 y2_t3 y2_t6,0.11779257059154855
y4_t0 y2_t2 y2_t6,0.11779257059154855
y4_t0 y2_t3 y2_t7,0.11779257059154855
y4_t1 y2_t2 y2_t7,0.11779257059154855
y4_t1 y2_t2 y2_t6,0.11779257059154855
y4_t0 y2_t2 y2_t7,0.11779257059154855
y4_t0 y2_t3 y2_t6,0.11779257059154855
y1_t5 y3_t5 y4_t6,0.1176291980333498
y1_t5 y3_t5 y4_t7,0.1176291980333498
y1_t4 y3_t5 y4_t6,0.1176291980333498
y1_t4 y3_t4 y4_t7,0.1176291980333498
y1_t4 y3_t5 y4_t7,0.1176291980333498
y1_t4 y3_t4 y4_t6,0.1176291980333498
y3_t4 y1_t5 y4_t6,0.11762919803334977
y3_t4 y1_t5 y4_t7,0.11762919803334977
y3_t2 y3_t7,-0.1165489764750801
y3_t2 y3_t6,-0.1165489764750801
y3_t3 y3_t6,-0.1165489764750801
y3_t3 y3_t7,-0.1165489764750801
y4_t5 y2_t7 y4_t7,-0.11651319784510948
y4_t4 y4_t6 y2_t7,-0.11651319784510948
y4_t5 y2_t6 y4_t6,-0.11651319784510948
y4_t5 y4_t6 y2_t7,-0.11651319784510948
y4_t5 y2_t6 y4_t7,-0.11651319784510948
y4_t4 y2_t6 y4_t6,-0.11651319784510948
y4_t4 y2_t6 y4_t7,-0.11651319784510948
y4_t4 y2_t7 y4_t7,-0.11651319784510948
y3_t0 y3_t1 y4_t5,0.1159967600410643
y3_t1^2 y4_t5,0.1159967600410643
y3_t0^2 y4_t5,0.1159967600410643
y3_t0^2 y4_t4,0.1159967600410643
y3_t1^2 y4_t4,0.1159967600410643
y3_t0 y3_t1 y4_t4,0.1159967600410643
y1_t0 y4_t2 y4_t6,-0.11545863028483777
y1_t0 y4_t2 y4_t7,-0.11545863028483777
y1_t1 y4_t2 y4_t6,-0.11545863028483777
y1_t0 y4_t3 y4_t6,-0.11545863028483777
y1_t0 y4_t3 y4_t7,-0.11545863028483777
y1_t1 y4_t3 y4_t6,-0.11545863028483777
y1_t1 y4_t3 y4_t7,-0.11545863028483777
y1_t1 y4_t2 y4_t7,-0.11545863028483777
y2_t5^2,-0.11484923687318424
y2_t4 y2_t5,-0.11484923687318424
y2_t4^2,-0.11484923687318424
y3_t0 y4_t0 y4_t5,0.11408482662931956
y3_t1 y4_t1 y4_t5,0.11408482662931956
y3_t1 y4_t1 y4_t4,0.11408482662931956
y3_t0 y4_t0 y4_t4,0.11408482662931956
y3_t0 y4_t1 y4_t5,0.11408482662931956
y3_t0 y4_t1 y4_t4,0.11408482662931956
y4_t0 y3_t1 y4_t4,0.11408482662931949
y4_t0 y3_t1 y4_t5,0.11408482662931949
y3_t4 y4_t4^2,0.11338680570064918
y4_t4^2 y3_t5,0.11338680570064916
y4_t4 y3_t5 y4_t5,0.11338680570064916
y3_t4 y4_t5^2,0.11338680570064916
y3_t4 y4_t4 y4_t5,0.11338680570064916
y3_t5 y4_t5^2,0.11338680570064916
y2_t0 y3_t4^2,0.11331240002448095
y2_t0 y3_t4 y3_t5,0.11331240002448095
y2_t1 y3_t5^2,0.11331240002448095
y2_t1 y3_t4 y3_t5,0.11331240002448095
y2_t1 y3_t4^2,0.11331240002448095
y2_t0 y3_t5^2,0.11331240002448095
y2_t1 y4_t4 y2_t7,-0.11317233979336275
y2_t1 y4_t4 y2_t6,-0.11317233979336275
y2_t1 y4_t5 y2_t6,-0.11317233979336275
y2_t1 y4_t5 y2_t7,-0.11317233979336275
y2_t0 y4_t5 y2_t7,-0.11317233979336275
y2_t0 y4_t5 y2_t6,-0.11317233979336275
y2_t0 y4_t4 y2_t7,-0.11317233979336275
y2_t0 y4_t4 y2_t6,-0.11317233979336275
y3_t5 y2_t6^2,-0.11269533192118364
y3_t5 y2_t7^2,-0.11269533192118364
y3_t4 y2_t7^2,-0.11269533192118364
y3_t4 y2_t6 y2_t7,-0.11269533192118364
y3_t4 y2_t6^2,-0.11269533192118364
y3_t5 y2_t6 y2_t7,-0.11269533192118364
y1_t0 y3_t6^2,-0.11260843222795222
y1_t0 y3_t6 y3_t7,-0.11260843222795222
y1_t0 y3_t7^2,-0.11260843222795222
y1_t1 y3_t6 y3_t7,-0.11260843222795222
y1_t1 y3_t7^2,-0.11260843222795222
y1_t1 y3_t6^2,-0.11260843222795222
y3_t0 y3_t4 y1_t7,0.11248644115901538
y3_t0 y3_t4 y1_t6,0.11248644115901538
y3_t0 y3_t5 y1_t7,0.11248644115901538
y3_t1 y3_t5 y1_t6,0.11248644115901538
y3_t1 y3_t4 y1_t7,0.11248644115901538
y3_t1 y3_t4 y1_t6,0.11248644115901538
y3_t1 y3_t5 y1_t7,0.11248644115901538
y3_t0 y3_t5 y1_t6,0.11248644115901538
y3_t2 y1_t7,-0.11231297087537268
y3_t2 y1_t6,-0.11231297087537268
y3_t3 y1_t7,-0.11231297087537268
y3_t3 y1_t6,-0.11231297087537268
y1_t2 y4_t2 y4_t5,-0.11214972653423216
y1_t2 y4_t3 y4_t5,-0.11214972653423216
y1_t3 y4_t3 y4_t4,-0.11214972653423216
y1_t2 y4_t3 y4_t4,-0.11214972653423216
y1_t2 y4_t2 y4_t4,-0.11214972653423216
y1_t3 y4_t3 y4_t5,-0.11214972653423216
y4_t2 y1_t3 y4_t4,-0.11214972653423205
y4_t2 y1_t3 y4_t5,-0.11214972653423205
y4_t6^2 y1_t7,0.11186635425661129
y4_t6 y1_t7 y4_t7,0.11186635425661129
y1_t6 y4_t6^2,0.11186635425661115
y1_t7 y4_t7^2,0.11186635425661115
y1_t6 y4_t7^2,0.11186635425661115
y1_t6 y4_t6 y4_t7,0.11186635425661115
y3_t0^2 y1_t7,0.11172405948318082
y3_t0^2 y1_t6,0.11172405948318082
y3_t0 y3_t1 y1_t6,0.11172405948318082
y3_t1^2 y1_t6,0.11172405948318082
y3_t0 y3_t1 y1_t7,0.11172405948318082
y3_t1^2 y1_t7,0.11172405948318082
y4_t4 y3_t6 y3_t7,0.11164739035466498
y4_t5 y3_t6 y3_t7,0.11164739035466498
y4_t4 y3_t7^2,0.11164739035466498
y4_t5 y3_t7^2,0.11164739035466498
y4_t4 y3_t6^2,0.11164739035466498
y4_t5 y3_t6^2,0.11164739035466498
y4_t0 y1_t5 y2_t7,-0.11106383904901267
y4_t0 y1_t5 y2_t6,-0.11106383904901267
y4_t1 y1_t5 y2_t7,-0.11106383904901267
y4_t0 y1_t4 y2_t6,-0.11106383904901267
y4_t0 y1_t4 y2_t7,-0.11106383904901267
y4_t1 y1_t5 y2_t6,-0.11106383904901267
y4_t1 y1_t4 y2_t7,-0.11106383904901267
y4_t1 y1_t4 y2_t6,-0.11106383904901267
y2_t0 y1_t1 y4_t5,0.11105920357013907
y2_t0 y1_t1 y4_t4,0.11105920357013907
y1_t0 y2_t1 y4_t5,0.11105920357013904
y1_t0 y2_t1 y4_t4,0.11105920357013904
y1_t0 y2_t0 y4_t5,0.11105920357013904
y1_t0 y2_t0 y4_t4,0.11105920357013904
y1_t1 y2_t1 y4_t4,0.11105920357013904
y1_t1 y2_t1 y4_t5,0.11105920357013904
y1_t1 y4_t3 y3_t7,0.11058240107526843
y1_t0 y4_t2 y3_t6,0.11058240107526843
y1_t0 y4_t2 y3_t7,0.11058240107526843
y1_t1 y4_t2 y3_t6,0.11058240107526843
y1_t1 y4_t2 y3_t7,0.11058240107526843
y1_t0 y4_t3 y3_t6,0.11058240107526843
y1_t0 y4_t3 y3_t7,0.11058240107526843
y1_t1 y4_t3 y3_t6,0.11058240107526843
y3_t3 y1_t7 y2_t7,0.11013134874783945
y3_t2 y1_t6 y2_t6,0.11013134874783945
y3_t2 y1_t6 y2_t7,0.11013134874783945
y3_t2 y2_t6 y1_t7,0.11013134874783945
y3_t3 y1_t6 y2_t7,0.11013134874783945
y3_t3 y2_t6 y1_t7,0.11013134874783945
y3_t3 y1_t6 y2_t6,0.11013134874783945
y3_t2 y1_t7 y2_t7,0.11013134874783945
y4_t5 y2_t6 y1_t7,0.1096518577787801
y4_t4 y1_t7 y2_t7,0.1096518577787801
y4_t5 y1_t7 y2_t7,0.1096518577787801
y4_t5 y1_t6 y2_t6,0.1096518577787801
y4_t4 y1_t6 y2_t7,0.1096518577787801
y4_t4 y2_t6 y1_t7,0.1096518577787801
y4_t5 y1_t6 y2_t7,0.1096518577787801
y4_t4 y1_t6 y2_t6,0.1096518577787801
y2_t1 y3_t7,0.1095705774147265
y2_t1 y3_t6,0.1095705774147265
y2_t0 y3_t6,0.1095705774147265
y2_t0 y3_t7,0.1095705774147265
y4_t0 y4_t4,-0.10922099888015648
y4_t1 y4_t5,-0.10922099888015648
y4_t1 y4_t4,-0.10922099888015648
y4_t0 y4_t5,-0.10922099888015648
y4_t0 y3_t6 y4_t6,0.10885494685409217
y4_t1 y3_t6 y4_t7,0.10885494685409217
y4_t0 y4_t6 y3_t7,0.10885494685409217
y4_t0 y3_t6 y4_t7,0.10885494685409217
y4_t1 y3_t6 y4_t6,0.10885494685409217
y4_t1 y4_t6 y3_t7,0.10885494685409217
y4_t0 y3_t7 y4_t7,0.10885494685409217
y4_t1 y3_t7 y4_t7,0.10885494685409217
y4_t0 y2_t4 y4_t5,0.10850179791046011
y4_t0 y2_t4 y4_t4,0.10850179791046011
y4_t1 y2_t4 y4_t5,0.10850179791046011
y4_t0 y2_t5 y4_t5,0.10850179791046011
y4_t1 y2_t4 y4_t4,0.10850179791046011
y4_t1 y4_t4 y2_t5,0.10850179791046011
y4_t1 y2_t5 y4_t5,0.10850179791046011
y4_t0 y4_t4 y2_t5,0.10850179791046011
y2_t6 y3_t6 y3_t7,0.10824334287617729
y2_t7 y3_t7^2,0.10824334287617729
y3_t6 y2_t7 y3_t7,0.10824334287617729
y2_t6 y3_t7^2,0.10824334287617729
y3_t6^2 y2_t7,0.10824334287617729
y2_t6 y3_t6^2,0.10824334287617729
y1_t1 y3_t3,0.1080510174412833
y1_t0 y3_t2,0.1080510174412833
y1_t0 y3_t3,0.1080510174412833
y1_t1 y3_t2,0.1080510174412833
y4_t0,-0.10763623913970437
y4_t1,-0.10763623913970437
y4_t2 y1_t4 y4_t5,-0.10722415103300237
y4_t3 y1_t4 y4_t5,-0.10722415103300237
y4_t3 y4_t4 y1_t5,-0.10722415103300237
y4_t2 y4_t4 y1_t5,-0.10722415103300237
y4_t2 y1_t5 y4_t5,-0.10722415103300237
y4_t2 y1_t4 y4_t4,-0.10722415103300237
y4_t3 y1_t4 y4_t4,-0.10722415103300237
y4_t3 y1_t5 y4_t5,-0.10722415103300237
y4_t0 y1_t4 y4_t5,0.1069804096716303
y4_t0 y1_t5 y4_t5,0.1069804096716303
y4_t1 y1_t4 y4_t4,0.1069804096716303
y4_t1 y4_t4 y1_t5,0.1069804096716303
y4_t1 y1_t4 y4_t5,0.1069804096716303
y4_t0 y1_t4 y4_t4,0.1069804096716303
y4_t0 y4_t4 y1_t5,0.1069804096716303
y4_t1 y1_t5 y4_t5,0.1069804096716303
y2_t0 y3_t0 y1_t4,-0.10691012436994768
y2_t0 y3_t1 y1_t4,-0.10691012436994768
y2_t0 y3_t0 y1_t5,-0.10691012436994768
y2_t0 y3_t1 y1_t5,-0.10691012436994768
y2_t1 y3_t1 y1_t4,-0.10691012436994768
y2_t1 y3_t1 y1_t5,-0.10691012436994768
y3_t0 y2_t1 y1_t4,-0.10691012436994761
y3_t0 y2_t1 y1_t5,-0.10691012436994761
y2_t1 y4_t1 y4_t2,-0.10685481464337035
y2_t1 y4_t1 y4_t3,-0.10685481464337035
y2_t0 y4_t1 y4_t3,-0.10685481464337035
y2_t0 y4_t0 y4_t2,-0.10685481464337035
y2_t0 y4_t0 y4_t3,-0.10685481464337035
y2_t0 y4_t1 y4_t2,-0.10685481464337035
y4_t0 y2_t1 y4_t2,-0.1068548146433703
y4_t0 y2_t1 y4_t3,-0.1068548146433703
y1_t0 y2_t3 y4_t6,0.10680166388730983
y1_t0 y2_t3 y4_t7,0.10680166388730983
y1_t1 y2_t2 y4_t7,0.10680166388730983
y1_t1 y2_t3 y4_t6,0.10680166388730983
y1_t0 y2_t2 y4_t6,0.10680166388730983
y1_t0 y2_t2 y4_t7,0.10680166388730983
y1_t1 y2_t2 y4_t6,0.10680166388730983
y1_t1 y2_t3 y4_t7,0.10680166388730983
y4_t2 y4_t5 y1_t6,-0.10674393162717802
y4_t3 y4_t4 y1_t6,-0.10674393162717802
y4_t2 y4_t4 y1_t7,-0.10674393162717802
y4_t2 y4_t4 y1_t6,-0.10674393162717802
y4_t3 y4_t5 y1_t7,-0.10674393162717802
y4_t3 y4_t4 y1_t7,-0.10674393162717802
y4_t3 y4_t5 y1_t6,-0.10674393162717802
y4_t2 y4_t5 y1_t7,-0.10674393162717802
y3_t2 y4_t4^2,0.1065944045000029
y3_t3 y4_t5^2,0.1065944045000029
y3_t2 y4_t4 y4_t5,0.1065944045000029
y3_t3 y4_t4 y4_t5,0.1065944045000029
y3_t2 y4_t5^2,0.1065944045000029
y3_t3 y4_t4^2,0.1065944045000029
y4_t4 y3_t6 y1_t7,0.10658340883067882
y4_t5 y1_t6 y3_t6,0.10658340883067882
y4_t4 y1_t6 y3_t7,0.10658340883067882
y4_t4 y1_t6 y3_t6,0.10658340883067882
y4_t5 y1_t6 y3_t7,0.10658340883067882
y4_t4 y1_t7 y3_t7,0.10658340883067882
y4_t5 y3_t6 y1_t7,0.10658340883067882
y4_t5 y1_t7 y3_t7,0.10658340883067882
y3_t0 y3_t5,-0.1064346276940196
y3_t1 y3_t4,-0.1064346276940196
y3_t1 y3_t5,-0.1064346276940196
y3_t0 y3_t4,-0.1064346276940196
y1_t2 y3_t3 y1_t5,-0.1063289612568187
y1_t3 y3_t3 y1_t5,-0.1063289612568187
y1_t2 y3_t3 y1_t4,-0.1063289612568187
y1_t3 y3_t3 y1_t4,-0.1063289612568187
y1_t2 y3_t2 y1_t4,-0.1063289612568187
y1_t2 y3_t2 y1_t5,-0.1063289612568187
y3_t2 y1_t3 y1_t4,-0.1063289612568186
y3_t2 y1_t3 y1_t5,-0.1063289612568186
y1_t0 y2_t2 y3_t6,0.10607282363472519
y1_t0 y2_t3 y3_t7,0.10607282363472519
y1_t1 y2_t3 y3_t6,0.10607282363472519
y1_t1 y2_t2 y3_t7,0.10607282363472519
y1_t1 y2_t3 y3_t7,0.10607282363472519
y1_t1 y2_t2 y3_t6,0.10607282363472519
y1_t0 y2_t3 y3_t6,0.10607282363472519
y1_t0 y2_t2 y3_t7,0.10607282363472519
y4_t4 y3_t7,0.10593536986011867
y4_t5 y3_t7,0.10593536986011867
y4_t4 y3_t6,0.10593536986011867
y4_t5 y3_t6,0.10593536986011867
y2_t0 y4_t1 y1_t2,0.10584122627334076
y2_t0 y4_t1 y1_t3,0.10584122627334076
y2_t0 y4_t0 y1_t2,0.10584122627334076
y2_t0 y4_t0 y1_t3,0.10584122627334076
y2_t1 y4_t1 y1_t3,0.10584122627334076
y2_t1 y4_t1 y1_t2,0.10584122627334076
y4_t0 y2_t1 y1_t3,0.10584122627334074
y4_t0 y2_t1 y1_t2,0.10584122627334074
y1_t1 y4_t3 y4_t4,-0.10583651034496844
y1_t0 y4_t2 y4_t4,-0.10583651034496844
y1_t1 y4_t2 y4_t5,-0.10583651034496844
y1_t1 y4_t2 y4_t4,-0.10583651034496844
y1_t0 y4_t2 y4_t5,-0.10583651034496844
y1_t0 y4_t3 y4_t4,-0.10583651034496844
y1_t1 y4_t3 y4_t5,-0.10583651034496844
y1_t0 y4_t3 y4_t5,-0.10583651034496844
y4_t1 y3_t3 y2_t4,0.10541549637036035
y4_t0 y3_t3 y2_t4,0.10541549637036035
y4_t0 y3_t2 y2_t5,0.10541549637036035
y4_t1 y3_t2 y2_t4,0.10541549637036035
y4_t1 y3_t2 y2_t5,0.10541549637036035
y4_t0 y3_t2 y2_t4,0.10541549637036035
y4_t1 y3_t3 y2_t5,0.10541549637036035
y4_t0 y3_t3 y2_t5,0.10541549637036035
y3_t0 y1_t1 y1_t2,0.10491607460504844
y3_t0 y1_t1 y1_t3,0.10491607460504844
y1_t1 y3_t1 y1_t3,0.10491607460504838
y1_t0 y3_t0 y1_t3,0.10491607460504838
y1_t0 y3_t0 y1_t2,0.10491607460504838
y1_t1 y3_t1 y1_t2,0.10491607460504838
y1_t0 y3_t1 y1_t3,0.10491607460504838
y1_t0 y3_t1 y1_t2,0.10491607460504838
y2_t1 y2_t2 y3_t5,0.1045412813319606
y2_t1 y2_t2 y3_t4,0.1045412813319606
y2_t0 y2_t2 y3_t4,0.1045412813319606
y2_t1 y2_t3 y3_t4,0.1045412813319606
y2_t0 y2_t3 y3_t5,0.1045412813319606
y2_t0 y2_t3 y3_t4,0.1045412813319606
y2_t0 y2_t2 y3_t5,0.1045412813319606
y2_t1 y2_t3 y3_t5,0.1045412813319606
y1_t1 y4_t5^2,-0.10412439038640561
y1_t1 y4_t4^2,-0.10412439038640561
y1_t0 y4_t4^2,-0.10412439038640561
y1_t0 y4_t5^2,-0.10412439038640561
y1_t0 y4_t4 y4_t5,-0.10412439038640561
y1_t1 y4_t4 y4_t5,-0.10412439038640561
y1_t0 y2_t4 y1_t6,-0.10390441794663213
y1_t0 y2_t5 y1_t7,-0.10390441794663213
y1_t0 y2_t5 y1_t6,-0.10390441794663213
y1_t1 y2_t4 y1_t7,-0.10390441794663213
y1_t1 y2_t4 y1_t6,-0.10390441794663213
y1_t1 y2_t5 y1_t6,-0.10390441794663213
y1_t1 y2_t5 y1_t7,-0.10390441794663213
y1_t0 y2_t4 y1_t7,-0.10390441794663213
y1_t2 y3_t3^2,-0.10340961132630785
y1_t3 y3_t3^2,-0.10340961132630785
y1_t2 y3_t2 y3_t3,-0.10340961132630785
y1_t2 y3_t2^2,-0.10340961132630785
y3_t2^2 y1_t3,-0.10340961132630777
y3_t2 y1_t3 y3_t3,-0.10340961132630777
y1_t0 y1_t4 y4_t4,-0.10280250765774535
y1_t0 y1_t4 y4_t5,-0.10280250765774535
y1_t1 y4_t4 y1_t5,-0.10280250765774535
y1_t0 y1_t5 y4_t5,-0.10280250765774535
y1_t1 y1_t4 y4_t4,-0.10280250765774535
y1_t0 y4_t4 y1_t5,-0.10280250765774535
y1_t1 y1_t4 y4_t5,-0.10280250765774535
y1_t1 y1_t5 y4_t5,-0.10280250765774535
y4_t0 y1_t1 y2_t2,-0.10166438064495491
y4_t0 y1_t1 y2_t3,-0.10166438064495491
y1_t1 y4_t1 y2_t2,-0.10166438064495475
y1_t0 y4_t1 y2_t3,-0.10166438064495475
y1_t0 y4_t0 y2_t2,-0.10166438064495475
y1_t0 y4_t1 y2_t2,-0.10166438064495475
y1_t1 y4_t1 y2_t3,-0.10166438064495475
y1_t0 y4_t0 y2_t3,-0.10166438064495475
y4_t2 y4_t6 y4_t7,-0.10162794624920146
y4_t2 y4_t6^2,-0.10162794624920146
y4_t3 y4_t7^2,-0.10162794624920146
y4_t2 y4_t7^2,-0.10162794624920146
y4_t3 y4_t6 y4_t7,-0.10162794624920146
y4_t3 y4_t6^2,-0.10162794624920146
y4_t3 y2_t5,-0.10155704926293588
y4_t3 y2_t4,-0.10155704926293588
y4_t2 y2_t4,-0.10155704926293588
y4_t2 y2_t5,-0.10155704926293588
y4_t1 y4_t3 y1_t7,-0.10129833494558868
y4_t0 y4_t3 y1_t6,-0.10129833494558868
y4_t1 y4_t2 y1_t7,-0.10129833494558868
y4_t0 y4_t2 y1_t7,-0.10129833494558868
y4_t0 y4_t3 y1_t7,-0.10129833494558868
y4_t0 y4_t2 y1_t6,-0.10129833494558868
y4_t1 y4_t2 y1_t6,-0.10129833494558868
y4_t1 y4_t3 y1_t6,-0.10129833494558868
y1_t3 y4_t3 y3_t6,0.10120974603072945
y1_t3 y4_t3 y3_t7,0.10120974603072945
y4_t2 y1_t3 y3_t6,0.10120974603072945
y1_t2 y4_t2 y3_t6,0.10120974603072945
y4_t2 y1_t3 y3_t7,0.10120974603072945
y1_t2 y4_t3 y3_t6,0.10120974603072945
y1_t2 y4_t3 y3_t7,0.10120974603072945
y1_t2 y4_t2 y3_t7,0.10120974603072945
y2_t1 y3_t6 y2_t7,0.1010296242116948
y2_t1 y2_t6 y3_t7,0.1010296242116948
y2_t1 y2_t6 y3_t6,0.1010296242116948
y2_t1 y2_t7 y3_t7,0.1010296242116948
y2_t0 y2_t7 y3_t7,0.1010296242116948
y2_t0 y3_t6 y2_t7,0.1010296242116948
y2_t0 y2_t6 y3_t7,0.1010296242116948
y2_t0 y2_t6 y3_t6,0.1010296242116948
y4_t0 y2_t1 y3_t1,-0.10101230900198256
y3_t0 y4_t0 y2_t1,-0.10101230900198255
y3_t0 y2_t1 y4_t1,-0.10101230900198255
y2_t0 y4_t0 y3_t1,-0.10101230900198253
y2_t0 y3_t0 y4_t0,-0.10101230900198253
y2_t0 y3_t0 y4_t1,-0.10101230900198253
y2_t0 y3_t1 y4_t1,-0.10101230900198253
y2_t1 y3_t1 y4_t1,-0.10101230900198253
y1_t1 y2_t2 y2_t3,0.10078147114196541
y1_t1 y2_t3^2,0.10078147114196541
y1_t0 y2_t2 y2_t3,0.10078147114196541
y1_t0 y2_t3^2,0.10078147114196541
y1_t1 y2_t2^2,0.10078147114196541
y1_t0 y2_t2^2,0.10078147114196541
y3_t4 y2_t5 y3_t5,0.10049212130509688
y3_t4^2 y2_t5,0.10049212130509688
y2_t4 y3_t4^2,0.10049212130509616
y2_t5 y3_t5^2,0.10049212130509616
y2_t4 y3_t5^2,0.10049212130509616
y2_t4 y3_t4 y3_t5,0.10049212130509616
y3_t0 y1_t1 y3_t6,-0.10011805354403958
y1_t0 y3_t1 y3_t7,-0.10011805354403958
y1_t0 y3_t1 y3_t6,-0.10011805354403958
y3_t0 y1_t1 y3_t7,-0.10011805354403958
y1_t1 y3_t1 y3_t6,-0.10011805354403958
y1_t0 y3_t0 y3_t7,-0.10011805354403958
y1_t0 y3_t0 y3_t6,-0.10011805354403958
y1_t1 y3_t1 y3_t7,-0.10011805354403958
y2_t1 y1_t2 y4_t7,0.09982470659896772
y2_t1 y1_t2 y4_t6,0.09982470659896772
y2_t1 y1_t3 y4_t6,0.09982470659896772
y2_t1 y1_t3 y4_t7,0.09982470659896772
y2_t0 y1_t2 y4_t6,0.09982470659896772
y2_t0 y1_t3 y4_t6,0.09982470659896772
y2_t0 y1_t3 y4_t7,0.09982470659896772
y2_t0 y1_t2 y4_t7,0.09982470659896772
y3_t4 y3_t6,-0.09962096074411764
y3_t4 y3_t7,-0.09962096074411764
y3_t5 y3_t7,-0.09962096074411764
y3_t5 y3_t6,-0.09962096074411764
y1_t2^2 y4_t4,0.09957624739298565
y1_t3^2 y4_t4,0.09957624739298565
y1_t2 y1_t3 y4_t5,0.09957624739298565
y1_t2 y1_t3 y4_t4,0.09957624739298565
y1_t3^2 y4_t5,0.09957624739298565
y1_t2^2 y4_t5,0.09957624739298565
y3_t0 y1_t2 y3_t6,-0.09910031938435512
y3_t1 y1_t2 y3_t6,-0.09910031938435512
y3_t1 y1_t2 y3_t7,-0.09910031938435512
y3_t1 y1_t3 y3_t6,-0.09910031938435512
y3_t0 y1_t3 y3_t7,-0.09910031938435512
y3_t0 y1_t3 y3_t6,-0.09910031938435512
y3_t1 y1_t3 y3_t7,-0.09910031938435512
y3_t0 y1_t2 y3_t7,-0.09910031938435512
y4_t6 y2_t7^2,0.0979422122188016
y2_t6 y2_t7 y4_t7,0.09794221221880157
y2_t6 y4_t6 y2_t7,0.09794221221880157
y2_t6^2 y4_t6,0.09794221221880157
y2_t6^2 y4_t7,0.09794221221880157
y2_t7^2 y4_t7,0.09794221221880157
y2_t4 y1_t6 y3_t7,0.09788636560056067
y2_t5 y3_t6 y1_t7,0.09788636560056067
y2_t5 y1_t7 y3_t7,0.09788636560056067
y2_t4 y1_t7 y3_t7,0.09788636560056067
y2_t5 y1_t6 y3_t6,0.09788636560056067
y2_t4 y3_t6 y1_t7,0.09788636560056067
y2_t5 y1_t6 y3_t7,0.09788636560056067
y2_t4 y1_t6 y3_t6,0.09788636560056067
y4_t6^3,-0.09774763021609234
y4_t6^2 y4_t7,-0.09774763021609234
y4_t6 y4_t7^2,-0.09774763021609234
y4_t7^3,-0.09774763021609134
y1_t0 y3_t0 y2_t1,0.09770828971510154
y1_t0 y2_t0 y3_t1,0.09770828971510154
y2_t0 y1_t1 y3_t1,0.09770828971510154
y3_t0 y1_t1 y2_t1,0.09770828971510154
y1_t0 y2_t0 y3_t0,0.09770828971510154
y2_t0 y3_t0 y1_t1,0.09770828971510154
y1_t1 y2_t1 y3_t1,0.09770828971510154
y1_t0 y2_t1 y3_t1,0.09770828971510154
y2_t0 y3_t3 y1_t5,-0.09758473399124745
y2_t1 y3_t2 y1_t5,-0.09758473399124745
y2_t1 y3_t2 y1_t4,-0.09758473399124745
y2_t1 y3_t3 y1_t5,-0.09758473399124745
y2_t1 y3_t3 y1_t4,-0.09758473399124745
y2_t0 y3_t2 y1_t4,-0.09758473399124745
y2_t0 y3_t3 y1_t4,-0.09758473399124745
y2_t0 y3_t2 y1_t5,-0.09758473399124745
y2_t4 y4_t6 y1_t7,0.09736069929300782
y2_t5 y4_t6 y1_t7,0.09736069929300782
y2_t4 y1_t6 y4_t6,0.09736069929300782
y2_t5 y1_t6 y4_t6,0.09736069929300782
y2_t4 y1_t6 y4_t7,0.09736069929300782
y2_t5 y1_t6 y4_t7,0.09736069929300782
y2_t4 y1_t7 y4_t7,0.09736069929300782
y2_t5 y1_t7 y4_t7,0.09736069929300782
y3_t3 y1_t4 y2_t7,0.09713942220025153
y3_t2 y1_t4 y2_t7,0.09713942220025153
y3_t2 y1_t4 y2_t6,0.09713942220025153
y3_t2 y1_t5 y2_t6,0.09713942220025153
y3_t2 y1_t5 y2_t7,0.09713942220025153
y3_t3 y1_t5 y2_t7,0.09713942220025153
y3_t3 y1_t4 y2_t6,0.09713942220025153
y3_t3 y1_t5 y2_t6,0.09713942220025153
y4_t0 y3_t1 y2_t4,0.09681168713229876
y4_t0 y3_t1 y2_t5,0.09681168713229876
y3_t0 y4_t1 y2_t4,0.09681168713229873
y3_t0 y4_t0 y2_t4,0.09681168713229873
y3_t1 y4_t1 y2_t5,0.09681168713229873
y3_t1 y4_t1 y2_t4,0.09681168713229873
y3_t0 y4_t0 y2_t5,0.09681168713229873
y3_t0 y4_t1 y2_t5,0.09681168713229873
y3_t5^2,-0.09653272185115594
y3_t4^2,-0.09653272185115594
y3_t4 y3_t5,-0.09653272185115594
y2_t0 y4_t2 y3_t7,0.0965297879160881
y2_t0 y4_t3 y3_t7,0.0965297879160881
y2_t0 y4_t3 y3_t6,0.0965297879160881
y2_t0 y4_t2 y3_t6,0.0965297879160881
y2_t1 y4_t3 y3_t7,0.0965297879160881
y2_t1 y4_t2 y3_t7,0.0965297879160881
y2_t1 y4_t2 y3_t6,0.0965297879160881
y2_t1 y4_t3 y3_t6,0.0965297879160881
y4_t2 y1_t3 y4_t3,-0.09640151192021384
y4_t2^2 y1_t3,-0.09640151192021384
y1_t3 y4_t3^2,-0.09640151192021384
y1_t2 y4_t2^2,-0.09640151192021384
y1_t2 y4_t2 y4_t3,-0.09640151192021384
y1_t2 y4_t3^2,-0.09640151192021384
y2_t0 y4_t2 y1_t7,-0.09571126264928353
y2_t0 y4_t3 y1_t6,-0.09571126264928353
y2_t0 y4_t2 y1_t6,-0.09571126264928353
y2_t0 y4_t3 y1_t7,-0.09571126264928353
y2_t1 y4_t2 y1_t6,-0.09571126264928353
y2_t1 y4_t2 y1_t7,-0.09571126264928353
y2_t1 y4_t3 y1_t6,-0.09571126264928353
y2_t1 y4_t3 y1_t7,-0.09571126264928353
y4_t3^2 y3_t7,0.09550689931348977
y4_t2^2 y3_t7,0.09550689931348977
y4_t2 y4_t3 y3_t7,0.09550689931348977
y4_t2^2 y3_t6,0.09550689931348977
y4_t2 y4_t3 y3_t6,0.09550689931348977
y4_t3^2 y3_t6,0.09550689931348977
y3_t1 y4_t1,-0.09549543556145106
y4_t0 y3_t1,-0.09549543556145106
y3_t0 y4_t0,-0.09549543556145106
y3_t0 y4_t1,-0.09549543556145106
y2_t0 y1_t1 y3_t2,0.09546953967888738
y2_t0 y1_t1 y3_t3,0.09546953967888738
y1_t1 y2_t1 y3_t3,0.09546953967888736
y1_t0 y2_t1 y3_t2,0.09546953967888736
y1_t1 y2_t1 y3_t2,0.09546953967888736
y1_t0 y2_t0 y3_t2,0.09546953967888736
y1_t0 y2_t0 y3_t3,0.09546953967888736
y1_t0 y2_t1 y3_t3,0.09546953967888736
y4_t0 y4_t6 y2_t7,-0.09523769943027138
y4_t1 y2_t6 y4_t6,-0.09523769943027138
y4_t1 y2_t6 y4_t7,-0.09523769943027138
y4_t0 y2_t7 y4_t7,-0.09523769943027138
y4_t1 y4_t6 y2_t7,-0.09523769943027138
y4_t0 y2_t6 y4_t7,-0.09523769943027138
y4_t0 y2_t6 y4_t6,-0.09523769943027138
y4_t1 y2_t7 y4_t7,-0.09523769943027138
y2_t0 y4_t0 y3_t3,-0.09515971255909159
y2_t0 y4_t1 y3_t2,-0.09515971255909159
y2_t1 y4_t1 y3_t3,-0.09515971255909159
y2_t1 y4_t1 y3_t2,-0.09515971255909159
y2_t0 y4_t1 y3_t3,-0.09515971255909159
y2_t0 y4_t0 y3_t2,-0.09515971255909159
y4_t0 y2_t1 y3_t3,-0.09515971255909156
y4_t0 y2_t1 y3_t2,-0.09515971255909156
y1_t0 y3_t2^2,-0.09468336138194611
y1_t1 y3_t3^2,-0.09468336138194611
y1_t0 y3_t2 y3_t3,-0.09468336138194611
y1_t0 y3_t3^2,-0.09468336138194611
y1_t1 y3_t2^2,-0.09468336138194611
y1_t1 y3_t2 y3_t3,-0.09468336138194611
y3_t0 y4_t4 y4_t6,0.09463037192714646
y3_t1 y4_t5 y4_t7,0.09463037192714646
y3_t0 y4_t4 y4_t7,0.09463037192714646
y3_t1 y4_t5 y4_t6,0.09463037192714646
y3_t1 y4_t4 y4_t7,0.09463037192714646
y3_t1 y4_t4 y4_t6,0.09463037192714646
y3_t0 y4_t5 y4_t6,0.09463037192714646
y3_t0 y4_t5 y4_t7,0.09463037192714646
y4_t7^2,0.09452782567526435
y4_t6 y4_t7,0.09452782567526435
y4_t6^2,0.09452782567526435
y4_t6 y1_t7 y3_t7,0.09448876111680723
y3_t6 y4_t6 y1_t7,0.0944887611168072
y3_t6 y1_t7 y4_t7,0.0944887611168072
y1_t6 y3_t6 y4_t6,0.09448876111680717
y1_t7 y3_t7 y4_t7,0.09448876111680717
y1_t6 y3_t6 y4_t7,0.09448876111680717
y1_t6 y4_t6 y3_t7,0.09448876111680717
y1_t6 y3_t7 y4_t7,0.09448876111680717
y4_t2^2 y1_t6,-0.09422568359256855
y4_t2^2 y1_t7,-0.09422568359256855
y4_t3^2 y1_t6,-0.09422568359256855
y4_t2 y4_t3 y1_t7,-0.09422568359256855
y4_t2 y4_t3 y1_t6,-0.09422568359256855
y4_t3^2 y1_t7,-0.09422568359256855
y1_t6 y3_t6,0.093890392060688
y3_t6 y1_t7,0.093890392060688
y1_t6 y3_t7,0.093890392060688
y1_t7 y3_t7,0.093890392060688
y4_t2 y2_t3 y2_t4,-0.0935170401665879
y2_t3 y4_t3 y2_t4,-0.0935170401665879
y4_t2 y2_t3 y2_t5,-0.0935170401665879
y2_t2 y4_t2 y2_t4,-0.0935170401665879
y2_t2 y4_t3 y2_t4,-0.0935170401665879
y2_t2 y4_t3 y2_t5,-0.0935170401665879
y2_t2 y4_t2 y2_t5,-0.0935170401665879
y2_t3 y4_t3 y2_t5,-0.0935170401665879
y4_t2 y1_t6 y2_t7,0.09347853025030459
y4_t3 y1_t6 y2_t6,0.09347853025030459
y4_t2 y1_t6 y2_t6,0.09347853025030459
y4_t3 y1_t6 y2_t7,0.09347853025030459
y4_t2 y2_t6 y1_t7,0.09347853025030459
y4_t2 y1_t7 y2_t7,0.09347853025030459
y4_t3 y2_t6 y1_t7,0.09347853025030459
y4_t3 y1_t7 y2_t7,0.09347853025030459
y3_t0 y4_t2 y4_t4,0.09344942182692292
y3_t0 y4_t3 y4_t4,0.09344942182692292
y3_t1 y4_t2 y4_t5,0.09344942182692292
y3_t1 y4_t2 y4_t4,0.09344942182692292
y3_t0 y4_t2 y4_t5,0.09344942182692292
y3_t0 y4_t3 y4_t5,0.09344942182692292
y3_t1 y4_t3 y4_t4,0.09344942182692292
y3_t1 y4_t3 y4_t5,0.09344942182692292
y1_t4 y3_t4 y3_t6,0.0934350183616098
y1_t4 y3_t5 y3_t6,0.0934350183616098
y1_t5 y3_t5 y3_t7,0.0934350183616098
y1_t4 y3_t4 y3_t7,0.0934350183616098
y1_t4 y3_t5 y3_t7,0.0934350183616098
y1_t5 y3_t5 y3_t6,0.0934350183616098
y3_t4 y1_t5 y3_t7,0.0934350183616098
y3_t4 y1_t5 y3_t6,0.0934350183616098
y4_t0 y2_t2^2,0.0932938543481384
y4_t0 y2_t2 y2_t3,0.0932938543481384
y4_t1 y2_t3^2,0.0932938543481384
y4_t1 y2_t2 y2_t3,0.0932938543481384
y4_t0 y2_t3^2,0.0932938543481384
y4_t1 y2_t2^2,0.0932938543481384
y2_t2^2 y1_t3,-0.09311259628093341
y2_t2 y1_t3 y2_t3,-0.09311259628093341
y1_t2 y2_t3^2,-0.09311259628093316
y1_t3 y2_t3^2,-0.09311259628093316
y1_t2 y2_t2^2,-0.09311259628093316
y1_t2 y2_t2 y2_t3,-0.09311259628093316
y1_t4 y3_t5^2,0.09308557781616765
y1_t4 y3_t4^2,0.09308557781616765
y1_t5 y3_t5^2,0.09308557781616765
y1_t4 y3_t4 y3_t5,0.09308557781616765
y3_t4 y1_t5 y3_t5,0.09308557781616764
y3_t4^2 y1_t5,0.09308557781616764
y4_t2 y4_t4 y2_t6,-0.0930783475171637
y4_t2 y4_t5 y2_t7,-0.0930783475171637
y4_t2 y4_t5 y2_t6,-0.0930783475171637
y4_t3 y4_t4 y2_t6,-0.0930783475171637
y4_t3 y4_t4 y2_t7,-0.0930783475171637
y4_t2 y4_t4 y2_t7,-0.0930783475171637
y4_t3 y4_t5 y2_t6,-0.0930783475171637
y4_t3 y4_t5 y2_t7,-0.0930783475171637
y1_t4 y4_t6 y3_t7,0.09297441363116951
y1_t4 y3_t6 y4_t6,0.09297441363116951
y1_t5 y4_t6 y3_t7,0.09297441363116951
y1_t5 y3_t7 y4_t7,0.09297441363116951
y1_t5 y3_t6 y4_t7,0.09297441363116951
y1_t5 y3_t6 y4_t6,0.09297441363116951
y1_t4 y3_t6 y4_t7,0.09297441363116951
y1_t4 y3_t7 y4_t7,0.09297441363116951
y3_t1 y3_t6 y1_t7,0.09248210991954747
y3_t0 y1_t7 y3_t7,0.09248210991954747
y3_t1 y1_t6 y3_t6,0.09248210991954747
y3_t0 y1_t6 y3_t7,0.09248210991954747
y3_t0 y3_t6 y1_t7,0.09248210991954747
y3_t1 y1_t7 y3_t7,0.09248210991954747
y3_t1 y1_t6 y3_t7,0.09248210991954747
y3_t0 y1_t6 y3_t6,0.09248210991954747
y3_t6 y2_t7^2,0.09195394457491111
y2_t6 y2_t7 y3_t7,0.0919539445749111
y2_t6 y3_t6 y2_t7,0.0919539445749111
y2_t7^2 y3_t7,0.0919539445749111
y2_t6^2 y3_t6,0.0919539445749111
y2_t6^2 y3_t7,0.0919539445749111
y3_t5 y1_t6 y4_t7,0.09158838325720241
y3_t5 y1_t7 y4_t7,0.09158838325720241
y3_t4 y1_t6 y4_t7,0.09158838325720241
y3_t5 y1_t6 y4_t6,0.09158838325720241
y3_t4 y1_t6 y4_t6,0.09158838325720241
y3_t4 y1_t7 y4_t7,0.09158838325720241
y3_t5 y4_t6 y1_t7,0.09158838325720241
y3_t4 y4_t6 y1_t7,0.09158838325720241
y2_t0 y4_t2 y3_t5,0.09149349744271754
y2_t0 y4_t2 y3_t4,0.09149349744271754
y2_t1 y4_t2 y3_t4,0.09149349744271754
y2_t1 y4_t2 y3_t5,0.09149349744271754
y2_t0 y4_t3 y3_t4,0.09149349744271754
y2_t1 y4_t3 y3_t5,0.09149349744271754
y2_t1 y4_t3 y3_t4,0.09149349744271754
y2_t0 y4_t3 y3_t5,0.09149349744271754
y3_t1 y3_t3 y4_t4,0.09136146257460465
y3_t1 y3_t2 y4_t4,0.09136146257460465
y3_t1 y3_t2 y4_t5,0.09136146257460465
y3_t0 y3_t3 y4_t5,0.09136146257460465
y3_t0 y3_t3 y4_t4,0.09136146257460465
y3_t0 y3_t2 y4_t5,0.09136146257460465
y3_t0 y3_t2 y4_t4,0.09136146257460465
y3_t1 y3_t3 y4_t5,0.09136146257460465
y4_t1 y3_t4 y4_t5,0.0912372282828339
y4_t1 y3_t4 y4_t4,0.0912372282828339
y4_t0 y4_t4 y3_t5,0.0912372282828339
y4_t1 y4_t4 y3_t5,0.0912372282828339
y4_t0 y3_t4 y4_t4,0.0912372282828339
y4_t1 y3_t5 y4_t5,0.0912372282828339
y4_t0 y3_t4 y4_t5,0.0912372282828339
y4_t0 y3_t5 y4_t5,0.0912372282828339
y4_t0 y4_t2 y4_t5,-0.09099520838659372
y4_t0 y4_t3 y4_t5,-0.09099520838659372
y4_t0 y4_t2 y4_t4,-0.09099520838659372
y4_t0 y4_t3 y4_t4,-0.09099520838659372
y4_t1 y4_t3 y4_t4,-0.09099520838659372
y4_t1 y4_t3 y4_t5,-0.09099520838659372
y4_t1 y4_t2 y4_t4,-0.09099520838659372
y4_t1 y4_t2 y4_t5,-0.09099520838659372
y3_t1 y1_t5 y2_t7,0.09073553685767963
y3_t0 y1_t5 y2_t6,0.09073553685767963
y3_t0 y1_t4 y2_t6,0.09073553685767963
y3_t1 y1_t4 y2_t7,0.09073553685767963
y3_t0 y1_t5 y2_t7,0.09073553685767963
y3_t0 y1_t4 y2_t7,0.09073553685767963
y3_t1 y1_t5 y2_t6,0.09073553685767963
y3_t1 y1_t4 y2_t6,0.09073553685767963
y2_t0^2 y1_t7,-0.0905210598210058
y2_t1^2 y1_t7,-0.0905210598210058
y2_t1^2 y1_t6,-0.0905210598210058
y2_t0^2 y1_t6,-0.0905210598210058
y2_t0 y2_t1 y1_t6,-0.0905210598210058
y2_t0 y2_t1 y1_t7,-0.0905210598210058
y3_t2 y1_t5 y1_t6,0.0903307373987648
y3_t2 y1_t5 y1_t7,0.0903307373987648
y3_t2 y1_t4 y1_t7,0.0903307373987648
y3_t3 y1_t4 y1_t7,0.0903307373987648
y3_t2 y1_t4 y1_t6,0.0903307373987648
y3_t3 y1_t4 y1_t6,0.0903307373987648
y3_t3 y1_t5 y1_t6,0.0903307373987648
y3_t3 y1_t5 y1_t7,0.0903307373987648
y4_t2^2 y4_t7,-0.09025098339935733
y4_t2 y4_t3 y4_t7,-0.09025098339935733
y4_t3^2 y4_t7,-0.09025098339935733
y4_t2^2 y4_t6,-0.09025098339935733
y4_t3^2 y4_t6,-0.09025098339935733
y4_t2 y4_t3 y4_t6,-0.09025098339935733
y1_t5 y3_t6^2,0.09022543843018513
y1_t4 y3_t7^2,0.09022543843018513
y1_t4 y3_t6^2,0.09022543843018513
y1_t5 y3_t6 y3_t7,0.09022543843018513
y1_t5 y3_t7^2,0.09022543843018513
y1_t4 y3_t6 y3_t7,0.09022543843018513
y4_t0 y1_t1 y4_t3,-0.09007534776426733
y4_t0 y1_t1 y4_t2,-0.09007534776426733
y1_t1 y4_t1 y4_t2,-0.09007534776426727
y1_t1 y4_t1 y4_t3,-0.09007534776426727
y1_t0 y4_t0 y4_t3,-0.09007534776426727
y1_t0 y4_t0 y4_t2,-0.09007534776426727
y1_t0 y4_t1 y4_t3,-0.09007534776426727
y1_t0 y4_t1 y4_t2,-0.09007534776426727
y2_t3 y1_t4 y2_t5,-0.0899516316238552
y2_t2 y1_t5 y2_t5,-0.0899516316238552
y2_t3 y1_t4 y2_t4,-0.0899516316238552
y2_t2 y2_t4 y1_t5,-0.0899516316238552
y2_t2 y1_t4 y2_t4,-0.0899516316238552
y2_t3 y1_t5 y2_t5,-0.0899516316238552
y2_t2 y1_t4 y2_t5,-0.0899516316238552
y2_t3 y2_t4 y1_t5,-0.0899516316238552
y2_t1 y3_t1,-0.08991462967813706
y3_t0 y2_t1,-0.08991462967813706
y2_t0 y3_t0,-0.08991462967813706
y2_t0 y3_t1,-0.08991462967813706
y2_t4 y2_t5 y2_t7,0.0896096055465781
y2_t4^2 y2_t6,0.0896096055465781
y2_t5^2 y2_t7,0.0896096055465781
y2_t5^2 y2_t6,0.0896096055465781
y2_t4^2 y2_t7,0.0896096055465781
y2_t4 y2_t5 y2_t6,0.0896096055465781
y4_t1 y3_t2 y4_t6,0.08959642669003293
y4_t0 y3_t3 y4_t6,0.08959642669003293
y4_t1 y3_t2 y4_t7,0.08959642669003293
y4_t1 y3_t3 y4_t6,0.08959642669003293
y4_t1 y3_t3 y4_t7,0.08959642669003293
y4_t0 y3_t3 y4_t7,0.08959642669003293
y4_t0 y3_t2 y4_t6,0.08959642669003293
y4_t0 y3_t2 y4_t7,0.08959642669003293
y3_t1 y3_t2 y3_t3,0.08907125798662452
y3_t1 y3_t3^2,0.08907125798662452
y3_t0 y3_t2 y3_t3,0.08907125798662452
y3_t1 y3_t2^2,0.08907125798662452
y3_t0 y3_t3^2,0.08907125798662452
y3_t0 y3_t2^2,0.08907125798662452
y2_t2 y4_t7,-0.08809832904421147
y2_t2 y4_t6,-0.08809832904421147
y2_t3 y4_t7,-0.08809832904421147
y2_t3 y4_t6,-0.08809832904421147
y3_t4 y4_t4 y3_t6,0.08679638339377738
y3_t4 y4_t5 y3_t7,0.08679638339377738
y3_t5 y4_t5 y3_t6,0.08679638339377738
y3_t4 y4_t4 y3_t7,0.08679638339377738
y3_t4 y4_t5 y3_t6,0.08679638339377738
y3_t5 y4_t5 y3_t7,0.08679638339377738
y4_t4 y3_t5 y3_t6,0.0867963833937771
y4_t4 y3_t5 y3_t7,0.0867963833937771
y4_t1 y2_t6 y3_t6,-0.0866883037287242
y4_t0 y2_t7 y3_t7,-0.0866883037287242
y4_t1 y3_t6 y2_t7,-0.0866883037287242
y4_t0 y2_t6 y3_t7,-0.0866883037287242
y4_t1 y2_t6 y3_t7,-0.0866883037287242
y4_t0 y2_t6 y3_t6,-0.0866883037287242
y4_t1 y2_t7 y3_t7,-0.0866883037287242
y4_t0 y3_t6 y2_t7,-0.0866883037287242
y1_t0 y2_t2 y4_t2,0.08666276346865853
y1_t1 y2_t3 y4_t3,0.08666276346865853
y1_t0 y2_t3 y4_t3,0.08666276346865853
y1_t0 y4_t2 y2_t3,0.08666276346865853
y1_t1 y2_t2 y4_t3,0.08666276346865853
y1_t0 y2_t2 y4_t3,0.08666276346865853
y1_t1 y4_t2 y2_t3,0.08666276346865853
y1_t1 y2_t2 y4_t2,0.08666276346865853
y3_t1 y3_t7,-0.08648993964512053
y3_t1 y3_t6,-0.08648993964512053
y3_t0 y3_t7,-0.08648993964512053
y3_t0 y3_t6,-0.08648993964512053
y4_t2 y4_t3 y2_t6,-0.08623457206217275
y4_t3^2 y2_t6,-0.08623457206217275
y4_t2^2 y2_t6,-0.08623457206217275
y4_t2^2 y2_t7,-0.08623457206217275
y4_t3^2 y2_t7,-0.08623457206217275
y4_t2 y4_t3 y2_t7,-0.08623457206217275
y1_t1 y4_t4,-0.08614166172650499
y1_t0 y4_t4,-0.08614166172650499
y1_t0 y4_t5,-0.08614166172650499
y1_t1 y4_t5,-0.08614166172650499
y2_t2 y1_t3 y1_t6,-0.08586566835074344
y2_t2 y1_t3 y1_t7,-0.08586566835074344
y1_t3 y2_t3 y1_t6,-0.08586566835074338
y1_t2 y2_t3 y1_t6,-0.08586566835074338
y1_t3 y2_t3 y1_t7,-0.08586566835074338
y1_t2 y2_t3 y1_t7,-0.08586566835074338
y1_t2 y2_t2 y1_t7,-0.08586566835074338
y1_t2 y2_t2 y1_t6,-0.08586566835074338
y1_t0 y1_t3 y1_t6,0.08569129633324746
y1_t1 y1_t3 y1_t7,0.08569129633324746
y1_t1 y1_t2 y1_t7,0.08569129633324746
y1_t0 y1_t2 y1_t7,0.08569129633324746
y1_t1 y1_t3 y1_t6,0.08569129633324746
y1_t0 y1_t2 y1_t6,0.08569129633324746
y1_t1 y1_t2 y1_t6,0.08569129633324746
y1_t0 y1_t3 y1_t7,0.08569129633324746
y1_t1 y3_t4 y2_t7,-0.0856845730819425
y1_t1 y3_t4 y2_t6,-0.0856845730819425
y1_t0 y3_t4 y2_t7,-0.0856845730819425
y1_t1 y3_t5 y2_t7,-0.0856845730819425
y1_t0 y3_t4 y2_t6,-0.0856845730819425
y1_t0 y3_t5 y2_t6,-0.0856845730819425
y1_t0 y3_t5 y2_t7,-0.0856845730819425
y1_t1 y3_t5 y2_t6,-0.0856845730819425
y4_t1 y1_t4 y4_t6,-0.08530678810081724
y4_t1 y1_t4 y4_t7,-0.08530678810081724
y4_t0 y1_t4 y4_t7,-0.08530678810081724
y4_t1 y1_t5 y4_t7,-0.08530678810081724
y4_t0 y1_t5 y4_t7,-0.08530678810081724
y4_t0 y1_t4 y4_t6,-0.08530678810081724
y4_t1 y1_t5 y4_t6,-0.08530678810081724
y4_t0 y1_t5 y4_t6,-0.08530678810081724
y2_t3 y1_t4 y3_t5,-0.08516420516666039
y2_t3 y3_t4 y1_t5,-0.08516420516666039
y2_t2 y1_t4 y3_t4,-0.08516420516666039
y2_t2 y3_t4 y1_t5,-0.08516420516666039
y2_t2 y1_t5 y3_t5,-0.08516420516666039
y2_t2 y1_t4 y3_t5,-0.08516420516666039
y2_t3 y1_t5 y3_t5,-0.08516420516666039
y2_t3 y1_t4 y3_t4,-0.08516420516666039
y2_t0 y4_t4 y4_t6,-0.08502454451013063
y2_t0 y4_t5 y4_t6,-0.08502454451013063
y2_t1 y4_t4 y4_t7,-0.08502454451013063
y2_t1 y4_t4 y4_t6,-0.08502454451013063
y2_t1 y4_t5 y4_t7,-0.08502454451013063
y2_t0 y4_t4 y4_t7,-0.08502454451013063
y2_t1 y4_t5 y4_t6,-0.08502454451013063
y2_t0 y4_t5 y4_t7,-0.08502454451013063
y2_t3^2 y1_t4,0.08491936472728256
y2_t3^2 y1_t5,0.08491936472728256
y2_t2^2 y1_t4,0.08491936472728256
y2_t2^2 y1_t5,0.08491936472728256
y2_t2 y2_t3 y1_t4,0.08491936472728256
y2_t2 y2_t3 y1_t5,0.08491936472728256
y3_t0 y3_t4 y4_t4,0.08452936578187464
y3_t0 y3_t5 y4_t5,0.08452936578187464
y3_t0 y4_t4 y3_t5,0.08452936578187464
y3_t1 y3_t4 y4_t5,0.08452936578187464
y3_t0 y3_t4 y4_t5,0.08452936578187464
y3_t1 y4_t4 y3_t5,0.08452936578187464
y3_t1 y3_t5 y4_t5,0.08452936578187464
y3_t1 y3_t4 y4_t4,0.08452936578187464
y2_t3 y3_t3 y3_t4,0.08424541792553836
y2_t2 y3_t3 y3_t5,0.08424541792553836
y2_t2 y3_t3 y3_t4,0.08424541792553836
y2_t2 y3_t2 y3_t4,0.08424541792553836
y2_t2 y3_t2 y3_t5,0.08424541792553836
y3_t2 y2_t3 y3_t4,0.08424541792553836
y2_t3 y3_t3 y3_t5,0.08424541792553836
y3_t2 y2_t3 y3_t5,0.08424541792553836
y1_t1 y2_t3,0.0839565530115207
y1_t0 y2_t2,0.0839565530115207
y1_t1 y2_t2,0.0839565530115207
y1_t0 y2_t3,0.0839565530115207
y3_t3 y2_t4,-0.08373253798423472
y3_t3 y2_t5,-0.08373253798423472
y3_t2 y2_t4,-0.08373253798423472
y3_t2 y2_t5,-0.08373253798423472
y4_t0 y1_t3 y1_t7,-0.08361508317303654
y4_t1 y1_t2 y1_t7,-0.08361508317303654
y4_t0 y1_t2 y1_t6,-0.08361508317303654
y4_t1 y1_t3 y1_t6,-0.08361508317303654
y4_t1 y1_t3 y1_t7,-0.08361508317303654
y4_t0 y1_t2 y1_t7,-0.08361508317303654
y4_t1 y1_t2 y1_t6,-0.08361508317303654
y4_t0 y1_t3 y1_t6,-0.08361508317303654
y4_t1 y3_t2 y4_t4,0.08360380783437131
y4_t0 y3_t2 y4_t4,0.08360380783437131
y4_t1 y3_t3 y4_t5,0.08360380783437131
y4_t1 y3_t2 y4_t5,0.08360380783437131
y4_t0 y3_t2 y4_t5,0.08360380783437131
y4_t0 y3_t3 y4_t4,0.08360380783437131
y4_t0 y3_t3 y4_t5,0.08360380783437131
y4_t1 y3_t3 y4_t4,0.08360380783437131
y1_t3^2 y2_t4,-0.08353156107482176
y1_t3^2 y2_t5,-0.08353156107482176
y1_t2 y1_t3 y2_t4,-0.08353156107482176
y1_t2 y1_t3 y2_t5,-0.08353156107482176
y1_t2^2 y2_t5,-0.08353156107482176
y1_t2^2 y2_t4,-0.08353156107482176
y3_t0 y3_t1 y3_t5,0.08338203834471658
y3_t0^2 y3_t4,0.08338203834471658
y3_t0 y3_t1 y3_t4,0.08338203834471658
y3_t1^2 y3_t5,0.08338203834471658
y3_t1^2 y3_t4,0.08338203834471658
y3_t0^2 y3_t5,0.08338203834471658
y4_t3^2 y3_t5,0.08302438755149433
y4_t3^2 y3_t4,0.08302438755149433
y4_t2 y4_t3 y3_t4,0.08302438755149433
y4_t2^2 y3_t4,0.08302438755149433
y4_t2 y4_t3 y3_t5,0.08302438755149433
y4_t2^2 y3_t5,0.08302438755149433
y4_t2^2,0.08263123708922179
y4_t2 y4_t3,0.08263123708922179
y4_t3^2,0.08263123708922179
y2_t4 y3_t5 y3_t6,0.08260267299452828
y2_t5 y3_t5 y3_t7,0.08260267299452828
y2_t4 y3_t5 y3_t7,0.08260267299452828
y2_t4 y3_t4 y3_t6,0.08260267299452828
y2_t4 y3_t4 y3_t7,0.08260267299452828
y3_t4 y2_t5 y3_t6,0.08260267299452828
y3_t4 y2_t5 y3_t7,0.08260267299452828
y2_t5 y3_t5 y3_t6,0.08260267299452828
y1_t2 y4_t2 y4_t6,-0.0825957131741672
y4_t2 y1_t3 y4_t6,-0.0825957131741672
y1_t3 y4_t3 y4_t7,-0.0825957131741672
y1_t3 y4_t3 y4_t6,-0.0825957131741672
y1_t2 y4_t3 y4_t7,-0.0825957131741672
y1_t2 y4_t3 y4_t6,-0.0825957131741672
y1_t2 y4_t2 y4_t7,-0.0825957131741672
y4_t2 y1_t3 y4_t7,-0.0825957131741672
y2_t0 y1_t1 y1_t6,-0.08257447596688147
y2_t0 y1_t1 y1_t7,-0.08257447596688147
y1_t0 y2_t0 y1_t7,-0.08257447596688139
y1_t0 y2_t1 y1_t7,-0.08257447596688139
y1_t1 y2_t1 y1_t6,-0.08257447596688139
y1_t1 y2_t1 y1_t7,-0.08257447596688139
y1_t0 y2_t1 y1_t6,-0.08257447596688139
y1_t0 y2_t0 y1_t6,-0.08257447596688139
y3_t0 y4_t5 y3_t6,0.08243492337762531
y3_t0 y4_t4 y3_t7,0.08243492337762531
y3_t0 y4_t5 y3_t7,0.08243492337762531
y3_t1 y4_t4 y3_t6,0.08243492337762531
y3_t1 y4_t5 y3_t7,0.08243492337762531
y3_t1 y4_t4 y3_t7,0.08243492337762531
y3_t1 y4_t5 y3_t6,0.08243492337762531
y3_t0 y4_t4 y3_t6,0.08243492337762531
y3_t3 y1_t4 y4_t7,0.08210477151813979
y3_t3 y1_t4 y4_t6,0.08210477151813979
y3_t3 y1_t5 y4_t6,0.08210477151813979
y3_t3 y1_t5 y4_t7,0.08210477151813979
y3_t2 y1_t5 y4_t7,0.08210477151813979
y3_t2 y1_t4 y4_t7,0.08210477151813979
y3_t2 y1_t5 y4_t6,0.08210477151813979
y3_t2 y1_t4 y4_t6,0.08210477151813979
y3_t0 y3_t1 y3_t6,0.08145323848277053
y3_t0 y3_t1 y3_t7,0.08145323848277053
y3_t1^2 y3_t6,0.08145323848277053
y3_t1^2 y3_t7,0.08145323848277053
y3_t0^2 y3_t7,0.08145323848277053
y3_t0^2 y3_t6,0.08145323848277053
y2_t5 y3_t6^2,0.08077735832651811
y2_t4 y3_t7^2,0.08077735832651811
y2_t5 y3_t7^2,0.08077735832651811
y2_t4 y3_t6 y3_t7,0.08077735832651811
y2_t5 y3_t6 y3_t7,0.08077735832651811
y2_t4 y3_t6^2,0.08077735832651811
y1_t3 y4_t5^2,-0.0805843266168968
y1_t2 y4_t4 y4_t5,-0.0805843266168968
y1_t2 y4_t5^2,-0.0805843266168968
y1_t3 y4_t4^2,-0.0805843266168968
y1_t2 y4_t4^2,-0.0805843266168968
y1_t3 y4_t4 y4_t5,-0.0805843266168968
y4_t3 y3_t4 y1_t5,0.0799474364891389
y4_t2 y1_t5 y3_t5,0.0799474364891389
y4_t3 y1_t5 y3_t5,0.0799474364891389
y4_t3 y1_t4 y3_t4,0.0799474364891389
y4_t2 y1_t4 y3_t4,0.0799474364891389
y4_t2 y3_t4 y1_t5,0.0799474364891389
y4_t3 y1_t4 y3_t5,0.0799474364891389
y4_t2 y1_t4 y3_t5,0.0799474364891389
y3_t1 y4_t2 y1_t6,-0.07973887667071791
y3_t1 y4_t2 y1_t7,-0.07973887667071791
y3_t1 y4_t3 y1_t7,-0.07973887667071791
y3_t1 y4_t3 y1_t6,-0.07973887667071791
y3_t0 y4_t3 y1_t7,-0.07973887667071791
y3_t0 y4_t2 y1_t7,-0.07973887667071791
y3_t0 y4_t3 y1_t6,-0.07973887667071791
y3_t0 y4_t2 y1_t6,-0.07973887667071791
y3_t3 y1_t5 y3_t6,0.07955872156020191
y3_t2 y1_t5 y3_t6,0.07955872156020191
y3_t2 y1_t4 y3_t7,0.07955872156020191
y3_t2 y1_t5 y3_t7,0.07955872156020191
y3_t3 y1_t5 y3_t7,0.07955872156020191
y3_t3 y1_t4 y3_t6,0.07955872156020191
y3_t2 y1_t4 y3_t6,0.07955872156020191
y3_t3 y1_t4 y3_t7,0.0795587215602019
y2_t2 y3_t5 y2_t6,-0.07931049860543371
y2_t3 y3_t4 y2_t6,-0.07931049860543371
y2_t3 y3_t4 y2_t7,-0.07931049860543371
y2_t2 y3_t4 y2_t7,-0.07931049860543371
y2_t2 y3_t4 y2_t6,-0.07931049860543371
y2_t2 y3_t5 y2_t7,-0.07931049860543371
y2_t3 y3_t5 y2_t6,-0.07931049860543371
y2_t3 y3_t5 y2_t7,-0.07931049860543371
y4_t2 y2_t4 y2_t5,-0.07928622647340433
y4_t3 y2_t5^2,-0.07928622647340433
y4_t2 y2_t5^2,-0.07928622647340433
y4_t3 y2_t4 y2_t5,-0.07928622647340433
y4_t2 y2_t4^2,-0.07928622647340433
y4_t3 y2_t4^2,-0.07928622647340433
y2_t5 y2_t7 y3_t7,0.0791348298299371
y2_t4 y2_t7 y3_t7,0.0791348298299371
y2_t5 y2_t6 y3_t7,0.0791348298299371
y2_t4 y3_t6 y2_t7,0.0791348298299371
y2_t5 y2_t6 y3_t6,0.0791348298299371
y2_t4 y2_t6 y3_t7,0.0791348298299371
y2_t5 y3_t6 y2_t7,0.0791348298299371
y2_t4 y2_t6 y3_t6,0.0791348298299371
y3_t2 y2_t7^2,0.07903598887656307
y3_t3 y2_t6^2,0.07903598887656307
y3_t3 y2_t7^2,0.07903598887656307
y3_t2 y2_t6 y2_t7,0.07903598887656307
y3_t2 y2_t6^2,0.07903598887656307
y3_t3 y2_t6 y2_t7,0.07903598887656307
y4_t2 y4_t4 y4_t5,-0.07869896510142355
y4_t3 y4_t4^2,-0.07869896510142355
y4_t2 y4_t4^2,-0.07869896510142355
y4_t3 y4_t5^2,-0.07869896510142355
y4_t2 y4_t5^2,-0.07869896510142355
y4_t3 y4_t4 y4_t5,-0.07869896510142355
y3_t6 y4_t7,0.07864611840655772
y3_t6 y4_t6,0.07864611840655769
y4_t6 y3_t7,0.07864611840655769
y3_t7 y4_t7,0.07864611840655769
y3_t1 y2_t4 y1_t6,0.07841313051727355
y3_t0 y2_t4 y1_t6,0.07841313051727355
y3_t1 y2_t4 y1_t7,0.07841313051727355
y3_t0 y2_t4 y1_t7,0.07841313051727355
y3_t0 y2_t5 y1_t6,0.07841313051727355
y3_t0 y2_t5 y1_t7,0.07841313051727355
y3_t1 y2_t5 y1_t7,0.07841313051727355
y3_t1 y2_t5 y1_t6,0.07841313051727355
y3_t3 y4_t3 y1_t7,-0.07776600189113053
y3_t2 y4_t2 y1_t7,-0.07776600189113053
y3_t2 y4_t3 y1_t6,-0.07776600189113053
y3_t2 y4_t3 y1_t7,-0.07776600189113053
y3_t2 y4_t2 y1_t6,-0.07776600189113053
y4_t2 y3_t3 y1_t7,-0.07776600189113053
y4_t2 y3_t3 y1_t6,-0.07776600189113053
y3_t3 y4_t3 y1_t6,-0.07776600189113053
y4_t0 y1_t5 y1_t6,0.07764412820544125
y4_t0 y1_t4 y1_t6,0.07764412820544125
y4_t0 y1_t5 y1_t7,0.07764412820544125
y4_t1 y1_t4 y1_t7,0.07764412820544125
y4_t0 y1_t4 y1_t7,0.07764412820544125
y4_t1 y1_t4 y1_t6,0.07764412820544125
y4_t1 y1_t5 y1_t7,0.07764412820544125
y4_t1 y1_t5 y1_t6,0.07764412820544125
y2_t3 y2_t4 y2_t7,0.07727162723011305
y2_t3 y2_t5 y2_t7,0.07727162723011305
y2_t2 y2_t4 y2_t6,0.07727162723011305
y2_t2 y2_t4 y2_t7,0.07727162723011305
y2_t3 y2_t5 y2_t6,0.07727162723011305
y2_t3 y2_t4 y2_t6,0.07727162723011305
y2_t2 y2_t5 y2_t7,0.07727162723011305
y2_t2 y2_t5 y2_t6,0.07727162723011305
y2_t3 y3_t3 y3_t7,0.07713068651232374
y2_t2 y3_t3 y3_t6,0.07713068651232374
y2_t2 y3_t2 y3_t6,0.07713068651232374
y2_t2 y3_t3 y3_t7,0.07713068651232374
y2_t3 y3_t3 y3_t6,0.07713068651232374
y2_t2 y3_t2 y3_t7,0.07713068651232374
y3_t2 y2_t3 y3_t7,0.07713068651232341
y3_t2 y2_t3 y3_t6,0.07713068651232341
y2_t3 y2_t5 y3_t7,0.07703535556211355
y2_t2 y2_t5 y3_t7,0.07703535556211355
y2_t2 y2_t4 y3_t6,0.07703535556211355
y2_t3 y2_t5 y3_t6,0.07703535556211355
y2_t3 y2_t4 y3_t7,0.07703535556211355
y2_t2 y2_t4 y3_t7,0.07703535556211355
y2_t2 y2_t5 y3_t6,0.07703535556211355
y2_t3 y2_t4 y3_t6,0.07703535556211355
y2_t0 y2_t5 y4_t7,0.07649575009575839
y2_t0 y2_t4 y4_t6,0.07649575009575839
y2_t1 y2_t5 y4_t6,0.07649575009575839
y2_t0 y2_t4 y4_t7,0.07649575009575839
y2_t0 y2_t5 y4_t6,0.07649575009575839
y2_t1 y2_t5 y4_t7,0.07649575009575839
y2_t1 y2_t4 y4_t7,0.07649575009575839
y2_t1 y2_t4 y4_t6,0.07649575009575839
y2_t0 y3_t3 y2_t7,-0.07641207064529543
y2_t1 y3_t2 y2_t7,-0.07641207064529543
y2_t0 y3_t2 y2_t7,-0.07641207064529543
y2_t1 y3_t2 y2_t6,-0.07641207064529543
y2_t1 y3_t3 y2_t7,-0.07641207064529543
y2_t0 y3_t3 y2_t6,-0.07641207064529543
y2_t0 y3_t2 y2_t6,-0.07641207064529543
y2_t1 y3_t3 y2_t6,-0.07641207064529543
y4_t0 y3_t4 y4_t7,0.07618950815236122
y4_t1 y3_t4 y4_t6,0.07618950815236122
y4_t0 y3_t5 y4_t6,0.07618950815236122
y4_t0 y3_t4 y4_t6,0.07618950815236122
y4_t1 y3_t5 y4_t6,0.07618950815236122
y4_t0 y3_t5 y4_t7,0.07618950815236122
y4_t1 y3_t5 y4_t7,0.07618950815236122
y4_t1 y3_t4 y4_t7,0.07618950815236122
y3_t3 y4_t4 y1_t6,0.07594741779761982
y3_t2 y4_t5 y1_t7,0.07594741779761982
y3_t3 y4_t4 y1_t7,0.07594741779761982
y3_t2 y4_t4 y1_t6,0.07594741779761982
y3_t3 y4_t5 y1_t7,0.07594741779761982
y3_t2 y4_t5 y1_t6,0.07594741779761982
y3_t2 y4_t4 y1_t7,0.07594741779761982
y3_t3 y4_t5 y1_t6,0.07594741779761982
y1_t3 y1_t7,-0.07540772384366956
y1_t3 y1_t6,-0.07540772384366956
y1_t2 y1_t7,-0.07540772384366956
y1_t2 y1_t6,-0.07540772384366956
y4_t0 y1_t5,0.0752728187414472
y4_t0 y1_t4,0.0752728187414472
y4_t1 y1_t5,0.0752728187414472
y4_t1 y1_t4,0.0752728187414472
y3_t3 y2_t5 y3_t5,0.07488736005327334
y3_t3 y3_t4 y2_t5,0.07488736005327334
y3_t3 y2_t4 y3_t4,0.07488736005327334
y3_t3 y2_t4 y3_t5,0.07488736005327334
y3_t2 y2_t4 y3_t5,0.07488736005327334
y3_t2 y3_t4 y2_t5,0.07488736005327334
y3_t2 y2_t5 y3_t5,0.07488736005327334
y3_t2 y2_t4 y3_t4,0.07488736005327334
y2_t2 y2_t5 y4_t7,-0.07483639117920715
y2_t3 y2_t4 y4_t6,-0.07483639117920715
y2_t3 y2_t4 y4_t7,-0.07483639117920715
y2_t2 y2_t5 y4_t6,-0.07483639117920715
y2_t2 y2_t4 y4_t7,-0.07483639117920715
y2_t3 y2_t5 y4_t7,-0.07483639117920715
y2_t2 y2_t4 y4_t6,-0.07483639117920715
y2_t3 y2_t5 y4_t6,-0.07483639117920715
y1_t4 y4_t5 y3_t7,0.07475682132359338
y1_t5 y4_t5 y3_t7,0.07475682132359338
y1_t4 y4_t5 y3_t6,0.07475682132359338
y1_t4 y4_t4 y3_t6,0.07475682132359338
y1_t4 y4_t4 y3_t7,0.07475682132359338
y1_t5 y4_t5 y3_t6,0.07475682132359338
y4_t4 y1_t5 y3_t6,0.07475682132359335
y4_t4 y1_t5 y3_t7,0.07475682132359335
y1_t0 y3_t2 y3_t7,-0.07419280844558701
y1_t1 y3_t2 y3_t6,-0.07419280844558701
y1_t1 y3_t2 y3_t7,-0.07419280844558701
y1_t0 y3_t2 y3_t6,-0.07419280844558701
y1_t1 y3_t3 y3_t7,-0.07419280844558701
y1_t0 y3_t3 y3_t6,-0.07419280844558701
y1_t0 y3_t3 y3_t7,-0.07419280844558701
y1_t1 y3_t3 y3_t6,-0.07419280844558701
y4_t4 y3_t5^2,0.07405860765177219
y3_t4 y4_t4 y3_t5,0.07405860765177164
y3_t4^2 y4_t4,0.07405860765177164
y3_t4 y3_t5 y4_t5,0.07405860765177164
y3_t5^2 y4_t5,0.07405860765177164
y3_t4^2 y4_t5,0.07405860765177164
y1_t4^2 y4_t4,0.07404619764685466
y1_t4 y1_t5 y4_t5,0.07404619764685466
y1_t4^2 y4_t5,0.07404619764685466
y1_t5^2 y4_t5,0.07404619764685466
y1_t4 y4_t4 y1_t5,0.07404619764685466
y4_t4 y1_t5^2,0.07404619764685463
y3_t2 y1_t3 y3_t7,-0.07386212381143564
y3_t2 y1_t3 y3_t6,-0.07386212381143564
y1_t2 y3_t3 y3_t6,-0.07386212381143559
y1_t2 y3_t3 y3_t7,-0.07386212381143559
y1_t3 y3_t3 y3_t7,-0.07386212381143559
y1_t3 y3_t3 y3_t6,-0.07386212381143559
y1_t2 y3_t2 y3_t6,-0.07386212381143559
y1_t2 y3_t2 y3_t7,-0.07386212381143559
y4_t3 y3_t4 y4_t4,0.07362417330891241
y4_t2 y3_t4 y4_t5,0.07362417330891241
y4_t2 y3_t4 y4_t4,0.07362417330891241
y4_t3 y3_t4 y4_t5,0.07362417330891241
y4_t3 y4_t4 y3_t5,0.07362417330891241
y4_t2 y4_t4 y3_t5,0.07362417330891241
y4_t2 y3_t5 y4_t5,0.07362417330891241
y4_t3 y3_t5 y4_t5,0.07362417330891241
y2_t1 y4_t4 y3_t7,-0.0733183643846134
y2_t1 y4_t5 y3_t7,-0.0733183643846134
y2_t1 y4_t4 y3_t6,-0.0733183643846134
y2_t0 y4_t5 y3_t7,-0.0733183643846134
y2_t0 y4_t4 y3_t7,-0.0733183643846134
y2_t1 y4_t5 y3_t6,-0.0733183643846134
y2_t0 y4_t5 y3_t6,-0.0733183643846134
y2_t0 y4_t4 y3_t6,-0.0733183643846134
y2_t1 y2_t2 y1_t4,0.07321077934252113
y2_t0 y2_t2 y1_t5,0.07321077934252113
y2_t1 y2_t3 y1_t5,0.07321077934252113
y2_t0 y2_t2 y1_t4,0.07321077934252113
y2_t1 y2_t3 y1_t4,0.07321077934252113
y2_t1 y2_t2 y1_t5,0.07321077934252113
y2_t0 y2_t3 y1_t4,0.07321077934252113
y2_t0 y2_t3 y1_t5,0.07321077934252113
y3_t5^3,-0.07317161312912435
y3_t4^2 y3_t5,-0.07317161312912435
y3_t4 y3_t5^2,-0.07317161312912435
y3_t4^3,-0.07317161312912435
y3_t3 y4_t3 y4_t4,0.0729854577072099
y3_t2 y4_t3 y4_t5,0.0729854577072099
y3_t2 y4_t3 y4_t4,0.0729854577072099
y3_t2 y4_t2 y4_t4,0.0729854577072099
y3_t3 y4_t3 y4_t5,0.0729854577072099
y3_t2 y4_t2 y4_t5,0.0729854577072099
y4_t2 y3_t3 y4_t5,0.07298545770720977
y4_t2 y3_t3 y4_t4,0.07298545770720977
y4_t0 y3_t4 y1_t7,0.0726891637743603
y4_t1 y3_t5 y1_t6,0.0726891637743603
y4_t0 y3_t5 y1_t6,0.0726891637743603
y4_t1 y3_t5 y1_t7,0.0726891637743603
y4_t1 y3_t4 y1_t6,0.0726891637743603
y4_t0 y3_t4 y1_t6,0.0726891637743603
y4_t1 y3_t4 y1_t7,0.0726891637743603
y4_t0 y3_t5 y1_t7,0.0726891637743603
y2_t4 y4_t4 y1_t7,0.07230466661871032
y2_t4 y4_t5 y1_t6,0.07230466661871032
y2_t5 y4_t5 y1_t7,0.07230466661871032
y2_t4 y4_t4 y1_t6,0.07230466661871032
y2_t5 y4_t5 y1_t6,0.07230466661871032
y2_t4 y4_t5 y1_t7,0.07230466661871032
y4_t4 y2_t5 y1_t7,0.07230466661871027
y4_t4 y2_t5 y1_t6,0.07230466661871027
y3_t1 y4_t2^2,0.07184582807957815
y3_t0 y4_t2^2,0.07184582807957815
y3_t0 y4_t2 y4_t3,0.07184582807957815
y3_t1 y4_t2 y4_t3,0.07184582807957815
y3_t1 y4_t3^2,0.07184582807957815
y3_t0 y4_t3^2,0.07184582807957815
y3_t2 y2_t3^2,0.07165142158767299
y2_t3^2 y3_t3,0.0716514215876729
y2_t2 y3_t2 y2_t3,0.0716514215876729
y2_t2^2 y3_t2,0.0716514215876729
y2_t2 y2_t3 y3_t3,0.0716514215876729
y2_t2^2 y3_t3,0.0716514215876729
y3_t2 y3_t3 y4_t4,0.07155029471505547
y3_t3^2 y4_t4,0.07155029471505547
y3_t2^2 y4_t4,0.07155029471505547
y3_t2^2 y4_t5,0.07155029471505547
y3_t2 y3_t3 y4_t5,0.07155029471505547
y3_t3^2 y4_t5,0.07155029471505547
y4_t2^2 y3_t3,0.07073589936457808
y3_t3 y4_t3^2,0.07073589936457808
y3_t2 y4_t3^2,0.07073589936457808
y4_t2 y3_t3 y4_t3,0.07073589936457808
y3_t2 y4_t2 y4_t3,0.07073589936457808
y3_t2 y4_t2^2,0.07073589936457808
y2_t1 y4_t3 y1_t4,-0.07065628652942978
y2_t1 y4_t3 y1_t5,-0.07065628652942978
y2_t0 y4_t3 y1_t4,-0.07065628652942978
y2_t0 y4_t2 y1_t4,-0.07065628652942978
y2_t0 y4_t3 y1_t5,-0.07065628652942978
y2_t0 y4_t2 y1_t5,-0.07065628652942978
y2_t1 y4_t2 y1_t4,-0.07065628652942978
y2_t1 y4_t2 y1_t5,-0.07065628652942978
y4_t3 y4_t5 y3_t6,0.07046892271646146
y4_t2 y4_t5 y3_t7,0.07046892271646146
y4_t2 y4_t5 y3_t6,0.07046892271646146
y4_t3 y4_t5 y3_t7,0.07046892271646146
y4_t2 y4_t4 y3_t7,0.07046892271646146
y4_t3 y4_t4 y3_t7,0.07046892271646146
y4_t2 y4_t4 y3_t6,0.07046892271646146
y4_t3 y4_t4 y3_t6,0.07046892271646146
y4_t0^3,-0.07042479337747563
y4_t0^2 y4_t1,-0.07042479337747563
y4_t1^3,-0.07042479337747563
y4_t0 y4_t1^2,-0.07042479337747563
y2_t5 y3_t5,-0.07033814957218437
y3_t4 y2_t5,-0.07033814957218437
y2_t4 y3_t5,-0.07033814957218437
y2_t4 y3_t4,-0.07033814957218437
y2_t4 y4_t5 y2_t6,0.07005141745651769
y2_t4 y4_t4 y2_t6,0.07005141745651769
y2_t5 y4_t5 y2_t6,0.07005141745651769
y2_t4 y4_t4 y2_t7,0.07005141745651769
y2_t4 y4_t5 y2_t7,0.07005141745651769
y2_t5 y4_t5 y2_t7,0.07005141745651769
y4_t4 y2_t5 y2_t7,0.07005141745651766
y4_t4 y2_t5 y2_t6,0.07005141745651766
y3_t3 y4_t5 y4_t6,0.0697040673386422
y3_t2 y4_t4 y4_t6,0.0697040673386422
y3_t3 y4_t4 y4_t6,0.0697040673386422
y3_t2 y4_t5 y4_t6,0.0697040673386422
y3_t3 y4_t4 y4_t7,0.0697040673386422
y3_t3 y4_t5 y4_t7,0.0697040673386422
y3_t2 y4_t5 y4_t7,0.0697040673386422
y3_t2 y4_t4 y4_t7,0.0697040673386422
y4_t2^2 y1_t5,-0.0696909684340099
y4_t2 y4_t3 y1_t4,-0.0696909684340099
y4_t3^2 y1_t4,-0.0696909684340099
y4_t3^2 y1_t5,-0.0696909684340099
y4_t2^2 y1_t4,-0.0696909684340099
y4_t2 y4_t3 y1_t5,-0.0696909684340099
y2_t0 y3_t4 y3_t7,0.0696113979634981
y2_t0 y3_t4 y3_t6,0.0696113979634981
y2_t1 y3_t4 y3_t6,0.0696113979634981
y2_t1 y3_t5 y3_t7,0.0696113979634981
y2_t0 y3_t5 y3_t7,0.0696113979634981
y2_t1 y3_t5 y3_t6,0.0696113979634981
y2_t1 y3_t4 y3_t7,0.0696113979634981
y2_t0 y3_t5 y3_t6,0.0696113979634981
y1_t0 y1_t3 y3_t3,0.06929995877793477
y1_t0 y3_t2 y1_t3,0.06929995877793477
y1_t1 y1_t3 y3_t3,0.06929995877793477
y1_t0 y1_t2 y3_t2,0.06929995877793477
y1_t0 y1_t2 y3_t3,0.06929995877793477
y1_t1 y3_t2 y1_t3,0.06929995877793477
y1_t1 y1_t2 y3_t3,0.06929995877793477
y1_t1 y1_t2 y3_t2,0.06929995877793477
y1_t0 y4_t2^2,-0.06911912927875094
y1_t1 y4_t3^2,-0.06911912927875094
y1_t1 y4_t2^2,-0.06911912927875094
y1_t0 y4_t3^2,-0.06911912927875094
y1_t0 y4_t2 y4_t3,-0.06911912927875094
y1_t1 y4_t2 y4_t3,-0.06911912927875094
y2_t4 y2_t5 y3_t6,0.0691095886391852
y2_t5^2 y3_t6,0.0691095886391852
y2_t4^2 y3_t6,0.0691095886391852
y2_t5^2 y3_t7,0.0691095886391852
y2_t4 y2_t5 y3_t7,0.0691095886391852
y2_t4^2 y3_t7,0.0691095886391852
y1_t2 y1_t4 y1_t6,-0.06811933715818554
y1_t2 y1_t5 y1_t7,-0.06811933715818554
y1_t2 y1_t5 y1_t6,-0.06811933715818554
y1_t3 y1_t5 y1_t6,-0.06811933715818554
y1_t3 y1_t4 y1_t6,-0.06811933715818554
y1_t3 y1_t4 y1_t7,-0.06811933715818554
y1_t3 y1_t5 y1_t7,-0.06811933715818554
y1_t2 y1_t4 y1_t7,-0.06811933715818554
y2_t0 y3_t3 y3_t5,0.06805159124441976
y2_t0 y3_t2 y3_t5,0.06805159124441976
y2_t0 y3_t2 y3_t4,0.06805159124441976
y2_t0 y3_t3 y3_t4,0.06805159124441976
y2_t1 y3_t3 y3_t4,0.06805159124441976
y2_t1 y3_t2 y3_t4,0.06805159124441976
y2_t1 y3_t3 y3_t5,0.06805159124441976
y2_t1 y3_t2 y3_t5,0.06805159124441976
y3_t2 y4_t5 y3_t6,0.06794273054453087
y3_t3 y4_t5 y3_t7,0.06794273054453087
y3_t3 y4_t4 y3_t7,0.06794273054453087
y3_t3 y4_t4 y3_t6,0.06794273054453087
y3_t2 y4_t5 y3_t7,0.06794273054453087
y3_t3 y4_t5 y3_t6,0.06794273054453087
y3_t2 y4_t4 y3_t6,0.06794273054453087
y3_t2 y4_t4 y3_t7,0.06794273054453087
y4_t1 y1_t2 y4_t3,-0.06776487967830086
y4_t0 y1_t2 y4_t3,-0.06776487967830086
y4_t1 y4_t2 y1_t3,-0.06776487967830086
y4_t0 y1_t2 y4_t2,-0.06776487967830086
y4_t0 y4_t2 y1_t3,-0.06776487967830086
y4_t1 y1_t2 y4_t2,-0.06776487967830086
y4_t1 y1_t3 y4_t3,-0.06776487967830086
y4_t0 y1_t3 y4_t3,-0.06776487967830086
y2_t2 y2_t4 y1_t6,0.06755914692903024
y2_t3 y2_t4 y1_t6,0.06755914692903024
y2_t2 y2_t4 y1_t7,0.06755914692903024
y2_t2 y2_t5 y1_t6,0.06755914692903024
y2_t2 y2_t5 y1_t7,0.06755914692903024
y2_t3 y2_t4 y1_t7,0.06755914692903024
y2_t3 y2_t5 y1_t7,0.06755914692903024
y2_t3 y2_t5 y1_t6,0.06755914692903024
y1_t2 y3_t4 y4_t6,0.06754736709867343
y1_t2 y3_t4 y4_t7,0.06754736709867343
y1_t2 y3_t5 y4_t7,0.06754736709867343
y1_t3 y3_t4 y4_t6,0.06754736709867343
y1_t3 y3_t5 y4_t6,0.06754736709867343
y1_t3 y3_t4 y4_t7,0.06754736709867343
y1_t3 y3_t5 y4_t7,0.06754736709867343
y1_t2 y3_t5 y4_t6,0.06754736709867343
y4_t2 y2_t3 y3_t6,0.06744082975597704
y4_t2 y2_t3 y3_t7,0.06744082975597704
y2_t2 y4_t3 y3_t7,0.06744082975597693
y2_t2 y4_t3 y3_t6,0.06744082975597693
y2_t2 y4_t2 y3_t6,0.06744082975597693
y2_t3 y4_t3 y3_t6,0.06744082975597693
y2_t3 y4_t3 y3_t7,0.06744082975597693
y2_t2 y4_t2 y3_t7,0.06744082975597693
y2_t0 y3_t4 y2_t6,-0.06720080359902483
y2_t1 y3_t5 y2_t7,-0.06720080359902483
y2_t1 y3_t4 y2_t7,-0.06720080359902483
y2_t1 y3_t5 y2_t6,-0.06720080359902483
y2_t0 y3_t5 y2_t6,-0.06720080359902483
y2_t1 y3_t4 y2_t6,-0.06720080359902483
y2_t0 y3_t5 y2_t7,-0.06720080359902483
y2_t0 y3_t4 y2_t7,-0.06720080359902483
y3_t0 y4_t4 y1_t7,0.06693481501942856
y3_t0 y4_t5 y1_t6,0.06693481501942856
y3_t0 y4_t4 y1_t6,0.06693481501942856
y3_t1 y4_t5 y1_t6,0.06693481501942856
y3_t0 y4_t5 y1_t7,0.06693481501942856
y3_t1 y4_t5 y1_t7,0.06693481501942856
y3_t1 y4_t4 y1_t6,0.06693481501942856
y3_t1 y4_t4 y1_t7,0.06693481501942856
y2_t4 y2_t5^2,-0.0666628500707589
y2_t4^3,-0.0666628500707589
y2_t5^3,-0.0666628500707589
y2_t4^2 y2_t5,-0.0666628500707589
y3_t1 y1_t4 y4_t6,0.06659034548475952
y3_t1 y1_t4 y4_t7,0.06659034548475952
y3_t0 y1_t5 y4_t7,0.06659034548475952
y3_t0 y1_t4 y4_t7,0.06659034548475952
y3_t0 y1_t5 y4_t6,0.06659034548475952
y3_t1 y1_t5 y4_t7,0.06659034548475952
y3_t0 y1_t4 y4_t6,0.06659034548475952
y3_t1 y1_t5 y4_t6,0.06659034548475952
y4_t2 y2_t3 y3_t5,0.06646445318594049
y4_t2 y2_t3 y3_t4,0.06646445318594049
y2_t2 y4_t2 y3_t4,0.06646445318594021
y2_t2 y4_t2 y3_t5,0.06646445318594021
y2_t3 y4_t3 y3_t5,0.06646445318594021
y2_t2 y4_t3 y3_t5,0.06646445318594021
y2_t2 y4_t3 y3_t4,0.06646445318594021
y2_t3 y4_t3 y3_t4,0.06646445318594021
y4_t3 y1_t4 y3_t7,0.06634419900204527
y4_t3 y1_t4 y3_t6,0.06634419900204527
y4_t2 y1_t5 y3_t6,0.06634419900204527
y4_t2 y1_t4 y3_t6,0.06634419900204527
y4_t2 y1_t4 y3_t7,0.06634419900204527
y4_t3 y1_t5 y3_t7,0.06634419900204527
y4_t2 y1_t5 y3_t7,0.06634419900204527
y4_t3 y1_t5 y3_t6,0.06634419900204527
y2_t1 y4_t1,-0.06630995828175085
y4_t0 y2_t1,-0.06630995828175085
y2_t0 y4_t1,-0.06630995828175085
y2_t0 y4_t0,-0.06630995828175085
y2_t4^2 y1_t6,0.06628290050126245
y2_t5^2 y1_t6,0.06628290050126245
y2_t4 y2_t5 y1_t7,0.06628290050126245
y2_t4^2 y1_t7,0.06628290050126245
y2_t5^2 y1_t7,0.06628290050126245
y2_t4 y2_t5 y1_t6,0.06628290050126245
y3_t0 y4_t4 y2_t7,0.0662692379469852
y3_t1 y4_t5 y2_t7,0.0662692379469852
y3_t1 y4_t5 y2_t6,0.0662692379469852
y3_t0 y4_t5 y2_t7,0.0662692379469852
y3_t1 y4_t4 y2_t7,0.0662692379469852
y3_t0 y4_t4 y2_t6,0.0662692379469852
y3_t1 y4_t4 y2_t6,0.0662692379469852
y3_t0 y4_t5 y2_t6,0.0662692379469852
y3_t3 y3_t4 y1_t5,0.06621931338711017
y3_t2 y1_t4 y3_t5,0.06621931338711017
y3_t2 y1_t5 y3_t5,0.06621931338711017
y3_t2 y1_t4 y3_t4,0.06621931338711017
y3_t3 y1_t4 y3_t5,0.06621931338711017
y3_t2 y3_t4 y1_t5,0.06621931338711017
y3_t3 y1_t4 y3_t4,0.06621931338711017
y3_t3 y1_t5 y3_t5,0.06621931338711017
y2_t2 y4_t4 y1_t5,-0.06597171813142559
y2_t3 y1_t4 y4_t4,-0.06597171813142559
y2_t3 y1_t4 y4_t5,-0.06597171813142559
y2_t3 y4_t4 y1_t5,-0.06597171813142559
y2_t2 y1_t4 y4_t4,-0.06597171813142559
y2_t2 y1_t5 y4_t5,-0.06597171813142559
y2_t2 y1_t4 y4_t5,-0.06597171813142559
y2_t3 y1_t5 y4_t5,-0.06597171813142559
y2_t0 y2_t2 y1_t3,-0.06592116614808513
y2_t1 y2_t2 y1_t3,-0.06592116614808513
y2_t1 y1_t2 y2_t3,-0.06592116614808513
y2_t0 y1_t3 y2_t3,-0.06592116614808513
y2_t1 y1_t2 y2_t2,-0.06592116614808513
y2_t1 y1_t3 y2_t3,-0.06592116614808513
y2_t0 y1_t2 y2_t3,-0.06592116614808513
y2_t0 y1_t2 y2_t2,-0.06592116614808513
y4_t0 y3_t1 y4_t3,0.0658914221997676
y3_t0 y4_t1 y4_t2,0.0658914221997676
y3_t1 y4_t1 y4_t2,0.0658914221997676
y3_t0 y4_t0 y4_t2,0.0658914221997676
y3_t0 y4_t1 y4_t3,0.0658914221997676
y4_t0 y3_t1 y4_t2,0.0658914221997676
y3_t1 y4_t1 y4_t3,0.0658914221997676
y3_t0 y4_t0 y4_t3,0.0658914221997676
y4_t5 y3_t6 y4_t6,0.06571529639969573
y4_t4 y4_t6 y3_t7,0.06571529639969573
y4_t4 y3_t6 y4_t7,0.06571529639969573
y4_t5 y4_t6 y3_t7,0.06571529639969573
y4_t5 y3_t6 y4_t7,0.06571529639969573
y4_t4 y3_t6 y4_t6,0.06571529639969573
y4_t4 y3_t7 y4_t7,0.06571529639969573
y4_t5 y3_t7 y4_t7,0.06571529639969573
y4_t3^2 y2_t5,-0.06562458054326034
y4_t2 y4_t3 y2_t5,-0.06562458054326034
y4_t3^2 y2_t4,-0.06562458054326034
y4_t2^2 y2_t4,-0.06562458054326034
y4_t2^2 y2_t5,-0.06562458054326034
y4_t2 y4_t3 y2_t4,-0.06562458054326034
y4_t5 y4_t7,-0.0654735925461696
y4_t5 y4_t6,-0.0654735925461696
y4_t4 y4_t7,-0.0654735925461696
y4_t4 y4_t6,-0.0654735925461696
y2_t0^2 y4_t3,0.06536566485791066
y2_t1^2 y4_t2,0.06536566485791066
y2_t1^2 y4_t3,0.06536566485791066
y2_t0 y2_t1 y4_t2,0.06536566485791066
y2_t0 y2_t1 y4_t3,0.06536566485791066
y2_t0^2 y4_t2,0.06536566485791066
y3_t1 y4_t5,-0.0648936783790983
y3_t1 y4_t4,-0.0648936783790983
y3_t0 y4_t4,-0.0648936783790983
y3_t0 y4_t5,-0.0648936783790983
y2_t0 y2_t2 y3_t2,0.06489053895970202
y2_t0 y2_t3 y3_t3,0.06489053895970202
y2_t1 y3_t2 y2_t3,0.06489053895970202
y2_t1 y2_t2 y3_t3,0.06489053895970202
y2_t0 y3_t2 y2_t3,0.06489053895970202
y2_t1 y2_t2 y3_t2,0.06489053895970202
y2_t1 y2_t3 y3_t3,0.06489053895970202
y2_t0 y2_t2 y3_t3,0.06489053895970202
y2_t1 y4_t4 y1_t7,-0.06483679923863346
y2_t1 y4_t4 y1_t6,-0.06483679923863346
y2_t0 y4_t5 y1_t7,-0.06483679923863346
y2_t1 y4_t5 y1_t7,-0.06483679923863346
y2_t0 y4_t4 y1_t6,-0.06483679923863346
y2_t0 y4_t4 y1_t7,-0.06483679923863346
y2_t1 y4_t5 y1_t6,-0.06483679923863346
y2_t0 y4_t5 y1_t6,-0.06483679923863346
y1_t1 y4_t5 y3_t7,-0.06479372900574977
y1_t1 y4_t4 y3_t6,-0.06479372900574977
y1_t1 y4_t4 y3_t7,-0.06479372900574977
y1_t0 y4_t4 y3_t7,-0.06479372900574977
y1_t0 y4_t5 y3_t7,-0.06479372900574977
y1_t0 y4_t5 y3_t6,-0.06479372900574977
y1_t0 y4_t4 y3_t6,-0.06479372900574977
y1_t1 y4_t5 y3_t6,-0.06479372900574977
y2_t3 y2_t6,-0.06476921459021298
y2_t3 y2_t7,-0.06476921459021298
y2_t2 y2_t7,-0.06476921459021298
y2_t2 y2_t6,-0.06476921459021298
y1_t1 y3_t5 y1_t6,-0.06471001163211373
y1_t0 y3_t5 y1_t7,-0.06471001163211373
y1_t1 y3_t5 y1_t7,-0.06471001163211373
y1_t0 y3_t4 y1_t7,-0.06471001163211373
y1_t0 y3_t5 y1_t6,-0.06471001163211373
y1_t1 y3_t4 y1_t6,-0.06471001163211373
y1_t1 y3_t4 y1_t7,-0.06471001163211373
y1_t0 y3_t4 y1_t6,-0.06471001163211373
y1_t1 y2_t2 y2_t7,-0.06470633219202274
y1_t0 y2_t3 y2_t6,-0.06470633219202274
y1_t1 y2_t3 y2_t6,-0.06470633219202274
y1_t1 y2_t2 y2_t6,-0.06470633219202274
y1_t0 y2_t2 y2_t7,-0.06470633219202274
y1_t0 y2_t2 y2_t6,-0.06470633219202274
y1_t1 y2_t3 y2_t7,-0.06470633219202274
y1_t0 y2_t3 y2_t7,-0.06470633219202274
y2_t1^2 y1_t4,-0.06432883183975735
y2_t1^2 y1_t5,-0.06432883183975735
y2_t0 y2_t1 y1_t4,-0.06432883183975735
y2_t0 y2_t1 y1_t5,-0.06432883183975735
y2_t0^2 y1_t5,-0.06432883183975735
y2_t0^2 y1_t4,-0.06432883183975735
y3_t0 y2_t1 y1_t2,0.06411062360007251
y2_t1 y3_t1 y1_t2,0.06411062360007251
y3_t0 y2_t1 y1_t3,0.06411062360007251
y2_t1 y3_t1 y1_t3,0.06411062360007251
y2_t0 y3_t1 y1_t3,0.06411062360007251
y2_t0 y3_t0 y1_t3,0.06411062360007251
y2_t0 y3_t0 y1_t2,0.06411062360007251
y2_t0 y3_t1 y1_t2,0.06411062360007251
y3_t4 y4_t4 y4_t6,0.06392977281379475
y3_t4 y4_t5 y4_t6,0.06392977281379475
y3_t4 y4_t5 y4_t7,0.06392977281379475
y3_t5 y4_t5 y4_t7,0.06392977281379475
y3_t5 y4_t5 y4_t6,0.06392977281379475
y3_t4 y4_t4 y4_t7,0.06392977281379475
y4_t4 y3_t5 y4_t6,0.0639297728137947
y4_t4 y3_t5 y4_t7,0.0639297728137947
y3_t2 y3_t4 y4_t4,0.06367515127874707
y3_t2 y3_t5 y4_t5,0.06367515127874707
y3_t3 y4_t4 y3_t5,0.06367515127874707
y3_t3 y3_t5 y4_t5,0.06367515127874707
y3_t3 y3_t4 y4_t5,0.06367515127874707
y3_t2 y3_t4 y4_t5,0.06367515127874707
y3_t2 y4_t4 y3_t5,0.06367515127874707
y3_t3 y3_t4 y4_t4,0.06367515127874707
y2_t3 y3_t5 y1_t6,-0.0632231464773878
y2_t2 y3_t5 y1_t7,-0.0632231464773878
y2_t2 y3_t4 y1_t7,-0.0632231464773878
y2_t3 y3_t5 y1_t7,-0.0632231464773878
y2_t2 y3_t4 y1_t6,-0.0632231464773878
y2_t3 y3_t4 y1_t7,-0.0632231464773878
y2_t3 y3_t4 y1_t6,-0.0632231464773878
y2_t2 y3_t5 y1_t6,-0.0632231464773878
y3_t2 y2_t4 y3_t7,0.06321494431259006
y3_t2 y2_t5 y3_t6,0.06321494431259006
y3_t3 y2_t5 y3_t7,0.06321494431259006
y3_t2 y2_t5 y3_t7,0.06321494431259006
y3_t2 y2_t4 y3_t6,0.06321494431259006
y3_t3 y2_t4 y3_t6,0.06321494431259006
y3_t3 y2_t5 y3_t6,0.06321494431259006
y3_t3 y2_t4 y3_t7,0.06321494431259006
y1_t3 y2_t3 y4_t6,0.06284359396937589
y1_t2 y2_t2 y4_t7,0.06284359396937589
y1_t3 y2_t3 y4_t7,0.06284359396937589
y1_t2 y2_t2 y4_t6,0.06284359396937589
y1_t2 y2_t3 y4_t7,0.06284359396937589
y1_t2 y2_t3 y4_t6,0.06284359396937589
y2_t2 y1_t3 y4_t7,0.06284359396937587
y2_t2 y1_t3 y4_t6,0.06284359396937587
y1_t5 y2_t5^2,-0.06279872091437905
y1_t4 y2_t4^2,-0.06279872091437905
y2_t4 y1_t5 y2_t5,-0.06279872091437905
y2_t4^2 y1_t5,-0.06279872091437905
y1_t4 y2_t5^2,-0.06279872091437905
y1_t4 y2_t4 y2_t5,-0.06279872091437905
y2_t1 y2_t4 y2_t6,-0.06274199951420789
y2_t0 y2_t4 y2_t6,-0.06274199951420789
y2_t1 y2_t4 y2_t7,-0.06274199951420789
y2_t0 y2_t4 y2_t7,-0.06274199951420789
y2_t0 y2_t5 y2_t6,-0.06274199951420789
y2_t1 y2_t5 y2_t6,-0.06274199951420789
y2_t1 y2_t5 y2_t7,-0.06274199951420789
y2_t0 y2_t5 y2_t7,-0.06274199951420789
y3_t0 y2_t2 y3_t4,0.06273740814885698
y3_t1 y2_t3 y3_t5,0.06273740814885698
y3_t0 y2_t3 y3_t4,0.06273740814885698
y3_t1 y2_t3 y3_t4,0.06273740814885698
y3_t1 y2_t2 y3_t4,0.06273740814885698
y3_t0 y2_t3 y3_t5,0.06273740814885698
y3_t0 y2_t2 y3_t5,0.06273740814885698
y3_t1 y2_t2 y3_t5,0.06273740814885698
y3_t0 y2_t5 y3_t5,0.06267048613717341
y3_t0 y3_t4 y2_t5,0.06267048613717341
y3_t1 y3_t4 y2_t5,0.06267048613717341
y3_t0 y2_t4 y3_t4,0.06267048613717341
y3_t1 y2_t4 y3_t4,0.06267048613717341
y3_t1 y2_t4 y3_t5,0.06267048613717341
y3_t0 y2_t4 y3_t5,0.06267048613717341
y3_t1 y2_t5 y3_t5,0.06267048613717341
y2_t0 y1_t5 y1_t7,-0.06224621087576141
y2_t1 y1_t4 y1_t6,-0.06224621087576141
y2_t1 y1_t5 y1_t6,-0.06224621087576141
y2_t1 y1_t4 y1_t7,-0.06224621087576141
y2_t1 y1_t5 y1_t7,-0.06224621087576141
y2_t0 y1_t4 y1_t7,-0.06224621087576141
y2_t0 y1_t5 y1_t6,-0.06224621087576141
y2_t0 y1_t4 y1_t6,-0.06224621087576141
y2_t2 y4_t4 y4_t6,-0.06217117081269774
y2_t2 y4_t5 y4_t6,-0.06217117081269774
y2_t2 y4_t4 y4_t7,-0.06217117081269774
y2_t3 y4_t5 y4_t6,-0.06217117081269774
y2_t2 y4_t5 y4_t7,-0.06217117081269774
y2_t3 y4_t4 y4_t6,-0.06217117081269774
y2_t3 y4_t5 y4_t7,-0.06217117081269774
y2_t3 y4_t4 y4_t7,-0.06217117081269774
y4_t2 y1_t5 y2_t7,0.061957337109383476
y4_t2 y1_t5 y2_t6,0.061957337109383476
y4_t3 y1_t5 y2_t6,0.061957337109383476
y4_t3 y1_t4 y2_t6,0.061957337109383476
y4_t2 y1_t4 y2_t6,0.061957337109383476
y4_t2 y1_t4 y2_t7,0.061957337109383476
y4_t3 y1_t5 y2_t7,0.061957337109383476
y4_t3 y1_t4 y2_t7,0.061957337109383476
y4_t0 y1_t2 y2_t3,-0.06178527682992433
y4_t0 y1_t2 y2_t2,-0.06178527682992433
y4_t1 y1_t2 y2_t3,-0.06178527682992433
y4_t1 y1_t2 y2_t2,-0.06178527682992433
y4_t1 y2_t2 y1_t3,-0.06178527682992433
y4_t0 y1_t3 y2_t3,-0.06178527682992433
y4_t0 y2_t2 y1_t3,-0.06178527682992433
y4_t1 y1_t3 y2_t3,-0.06178527682992433
y3_t2 y3_t4^2,-0.06058078530642519
y3_t3 y3_t4^2,-0.06058078530642519
y3_t3 y3_t4 y3_t5,-0.06058078530642519
y3_t2 y3_t5^2,-0.06058078530642519
y3_t2 y3_t4 y3_t5,-0.06058078530642519
y3_t3 y3_t5^2,-0.06058078530642519
y4_t2 y2_t3 y1_t7,-0.060568493567659525
y4_t2 y2_t3 y1_t6,-0.060568493567659525
y2_t2 y4_t3 y1_t6,-0.06056849356765952
y2_t2 y4_t2 y1_t6,-0.06056849356765952
y2_t2 y4_t2 y1_t7,-0.06056849356765952
y2_t2 y4_t3 y1_t7,-0.06056849356765952
y2_t3 y4_t3 y1_t6,-0.06056849356765952
y2_t3 y4_t3 y1_t7,-0.06056849356765952
y3_t3 y4_t4,-0.060270199439550906
y3_t3 y4_t5,-0.060270199439550906
y3_t2 y4_t4,-0.060270199439550906
y3_t2 y4_t5,-0.060270199439550906
y3_t3^2 y2_t5,0.05980377241162205
y3_t3^2 y2_t4,0.05980377241162205
y3_t2 y3_t3 y2_t5,0.05980377241162205
y3_t2^2 y2_t5,0.05980377241162205
y3_t2 y3_t3 y2_t4,0.05980377241162205
y3_t2^2 y2_t4,0.05980377241162205
y1_t3 y4_t6 y2_t7,-0.059687812903400916
y1_t2 y2_t6 y4_t6,-0.059687812903400916
y1_t3 y2_t6 y4_t7,-0.059687812903400916
y1_t3 y2_t7 y4_t7,-0.059687812903400916
y1_t2 y2_t6 y4_t7,-0.059687812903400916
y1_t2 y2_t7 y4_t7,-0.059687812903400916
y1_t2 y4_t6 y2_t7,-0.059687812903400916
y1_t3 y2_t6 y4_t6,-0.059687812903400916
y3_t1 y4_t6 y4_t7,0.0594032885822455
y3_t1 y4_t6^2,0.0594032885822455
y3_t0 y4_t7^2,0.0594032885822455
y3_t0 y4_t6 y4_t7,0.0594032885822455
y3_t0 y4_t6^2,0.0594032885822455
y3_t1 y4_t7^2,0.0594032885822455
y2_t0 y1_t5 y3_t5,-0.059353813051672415
y2_t1 y1_t4 y3_t4,-0.059353813051672415
y2_t1 y1_t5 y3_t5,-0.059353813051672415
y2_t1 y3_t4 y1_t5,-0.059353813051672415
y2_t0 y3_t4 y1_t5,-0.059353813051672415
y2_t1 y1_t4 y3_t5,-0.059353813051672415
y2_t0 y1_t4 y3_t5,-0.059353813051672415
y2_t0 y1_t4 y3_t4,-0.059353813051672415
y1_t1 y2_t4 y2_t5,-0.059234385750776566
y1_t1 y2_t5^2,-0.059234385750776566
y1_t0 y2_t5^2,-0.059234385750776566
y1_t1 y2_t4^2,-0.059234385750776566
y1_t0 y2_t4^2,-0.059234385750776566
y1_t0 y2_t4 y2_t5,-0.059234385750776566
y1_t1 y1_t6,-0.05913188152598786
y1_t1 y1_t7,-0.05913188152598786
y1_t0 y1_t6,-0.05913188152598786
y1_t0 y1_t7,-0.05913188152598786
y3_t0 y1_t2 y3_t4,-0.05899917574310701
y3_t1 y1_t3 y3_t4,-0.05899917574310701
y3_t1 y1_t3 y3_t5,-0.05899917574310701
y3_t0 y1_t2 y3_t5,-0.05899917574310701
y3_t0 y1_t3 y3_t5,-0.05899917574310701
y3_t1 y1_t2 y3_t4,-0.05899917574310701
y3_t1 y1_t2 y3_t5,-0.05899917574310701
y3_t0 y1_t3 y3_t4,-0.05899917574310701
y1_t5 y2_t6^2,-0.05872786498300621
y1_t4 y2_t6^2,-0.05872786498300621
y1_t5 y2_t7^2,-0.05872786498300621
y1_t5 y2_t6 y2_t7,-0.05872786498300621
y1_t4 y2_t6 y2_t7,-0.05872786498300621
y1_t4 y2_t7^2,-0.05872786498300621
y3_t1 y4_t6 y2_t7,0.058605819361573885
y3_t1 y2_t6 y4_t7,0.058605819361573885
y3_t0 y4_t6 y2_t7,0.058605819361573885
y3_t1 y2_t7 y4_t7,0.058605819361573885
y3_t1 y2_t6 y4_t6,0.058605819361573885
y3_t0 y2_t6 y4_t7,0.058605819361573885
y3_t0 y2_t6 y4_t6,0.058605819361573885
y3_t0 y2_t7 y4_t7,0.058605819361573885
y2_t0 y2_t2 y2_t5,-0.058420680046113616
y2_t1 y2_t3 y2_t4,-0.058420680046113616
y2_t0 y2_t3 y2_t5,-0.058420680046113616
y2_t0 y2_t2 y2_t4,-0.058420680046113616
y2_t1 y2_t3 y2_t5,-0.058420680046113616
y2_t1 y2_t2 y2_t5,-0.058420680046113616
y2_t1 y2_t2 y2_t4,-0.058420680046113616
y2_t0 y2_t3 y2_t4,-0.058420680046113616
y2_t1 y4_t1 y1_t6,0.05832491632950153
y2_t0 y4_t0 y1_t7,0.05832491632950153
y2_t0 y4_t1 y1_t7,0.05832491632950153
y2_t1 y4_t1 y1_t7,0.05832491632950153
y2_t0 y4_t0 y1_t6,0.05832491632950153
y2_t0 y4_t1 y1_t6,0.05832491632950153
y4_t0 y2_t1 y1_t7,0.05832491632950153
y4_t0 y2_t1 y1_t6,0.05832491632950153
y2_t1 y4_t4 y1_t5,-0.05826815664904325
y2_t0 y1_t4 y4_t4,-0.05826815664904325
y2_t0 y4_t4 y1_t5,-0.05826815664904325
y2_t1 y1_t4 y4_t4,-0.05826815664904325
y2_t1 y1_t4 y4_t5,-0.05826815664904325
y2_t1 y1_t5 y4_t5,-0.05826815664904325
y2_t0 y1_t5 y4_t5,-0.05826815664904325
y2_t0 y1_t4 y4_t5,-0.05826815664904325
y1_t1 y1_t2 y2_t3,0.05778788929143654
y1_t1 y1_t2 y2_t2,0.05778788929143654
y1_t0 y2_t2 y1_t3,0.05778788929143654
y1_t0 y1_t3 y2_t3,0.05778788929143654
y1_t0 y1_t2 y2_t3,0.05778788929143654
y1_t0 y1_t2 y2_t2,0.05778788929143654
y1_t1 y2_t2 y1_t3,0.05778788929143654
y1_t1 y1_t3 y2_t3,0.05778788929143654
y4_t0 y1_t1 y3_t2,-0.057772015166733075
y1_t1 y4_t1 y3_t2,-0.057772015166733075
y1_t1 y4_t1 y3_t3,-0.057772015166733075
y1_t0 y4_t1 y3_t2,-0.057772015166733075
y4_t0 y1_t1 y3_t3,-0.057772015166733075
y1_t0 y4_t1 y3_t3,-0.057772015166733075
y1_t0 y4_t0 y3_t3,-0.057772015166733075
y1_t0 y4_t0 y3_t2,-0.057772015166733075
y4_t0 y1_t3 y2_t4,0.05770531957094774
y4_t0 y1_t3 y2_t5,0.05770531957094774
y4_t0 y1_t2 y2_t5,0.05770531957094774
y4_t1 y1_t3 y2_t5,0.05770531957094774
y4_t1 y1_t3 y2_t4,0.05770531957094774
y4_t1 y1_t2 y2_t5,0.05770531957094774
y4_t1 y1_t2 y2_t4,0.05770531957094774
y4_t0 y1_t2 y2_t4,0.05770531957094774
y1_t3 y4_t5,-0.05750397595447982
y1_t2 y4_t4,-0.05750397595447982
y1_t2 y4_t5,-0.05750397595447982
y1_t3 y4_t4,-0.05750397595447982
y4_t3 y4_t6,0.0574622084679836
y4_t2 y4_t7,0.0574622084679836
y4_t3 y4_t7,0.0574622084679836
y4_t2 y4_t6,0.0574622084679836
y1_t1 y1_t6 y4_t7,0.05714492682275335
y1_t1 y1_t7 y4_t7,0.05714492682275335
y1_t0 y4_t6 y1_t7,0.05714492682275335
y1_t1 y4_t6 y1_t7,0.05714492682275335
y1_t0 y1_t6 y4_t7,0.05714492682275335
y1_t0 y1_t6 y4_t6,0.05714492682275335
y1_t0 y1_t7 y4_t7,0.05714492682275335
y1_t1 y1_t6 y4_t6,0.05714492682275335
y2_t0 y4_t4 y4_t5,-0.05704796394668298
y2_t1 y4_t4^2,-0.05704796394668298
y2_t1 y4_t5^2,-0.05704796394668298
y2_t0 y4_t5^2,-0.05704796394668298
y2_t1 y4_t4 y4_t5,-0.05704796394668298
y2_t0 y4_t4^2,-0.05704796394668298
y3_t3 y4_t6^2,0.056807497030012255
y3_t3 y4_t7^2,0.056807497030012255
y3_t2 y4_t6^2,0.056807497030012255
y3_t2 y4_t7^2,0.056807497030012255
y3_t2 y4_t6 y4_t7,0.056807497030012255
y3_t3 y4_t6 y4_t7,0.056807497030012255
y3_t2 y2_t3 y1_t6,-0.056692997249166786
y2_t3 y3_t3 y1_t6,-0.056692997249166786
y2_t2 y3_t2 y1_t7,-0.056692997249166786
y3_t2 y2_t3 y1_t7,-0.056692997249166786
y2_t2 y3_t2 y1_t6,-0.056692997249166786
y2_t2 y3_t3 y1_t6,-0.056692997249166786
y2_t3 y3_t3 y1_t7,-0.056692997249166786
y2_t2 y3_t3 y1_t7,-0.0566929972491667
y3_t3 y4_t7,-0.0566903787667043
y3_t2 y4_t6,-0.0566903787667043
y3_t2 y4_t7,-0.0566903787667043
y3_t3 y4_t6,-0.0566903787667043
y3_t0 y1_t1 y3_t5,-0.056686940163665045
y3_t0 y1_t1 y3_t4,-0.056686940163665045
y1_t0 y3_t0 y3_t4,-0.056686940163664934
y1_t1 y3_t1 y3_t5,-0.056686940163664934
y1_t0 y3_t0 y3_t5,-0.056686940163664934
y1_t1 y3_t1 y3_t4,-0.056686940163664934
y1_t0 y3_t1 y3_t4,-0.056686940163664934
y1_t0 y3_t1 y3_t5,-0.056686940163664934
y3_t1 y2_t2 y1_t5,-0.05644079125055931
y3_t1 y2_t3 y1_t4,-0.05644079125055931
y3_t1 y2_t2 y1_t4,-0.05644079125055931
y3_t0 y2_t2 y1_t4,-0.05644079125055931
y3_t1 y2_t3 y1_t5,-0.05644079125055931
y3_t0 y2_t3 y1_t5,-0.05644079125055931
y3_t0 y2_t2 y1_t5,-0.05644079125055931
y3_t0 y2_t3 y1_t4,-0.05644079125055931
y4_t2 y2_t7 y4_t7,-0.05608782612781059
y4_t2 y2_t6 y4_t7,-0.05608782612781059
y4_t3 y2_t6 y4_t6,-0.05608782612781059
y4_t3 y2_t6 y4_t7,-0.05608782612781059
y4_t2 y2_t6 y4_t6,-0.05608782612781059
y4_t3 y4_t6 y2_t7,-0.05608782612781059
y4_t2 y4_t6 y2_t7,-0.05608782612781059
y4_t3 y2_t7 y4_t7,-0.05608782612781059
y2_t5 y3_t7,-0.05568035243456897
y2_t4 y3_t6,-0.05568035243456897
y2_t4 y3_t7,-0.05568035243456897
y2_t5 y3_t6,-0.05568035243456897
y1_t2 y4_t3 y1_t4,0.05545941872733243
y1_t3 y4_t3 y1_t4,0.05545941872733243
y4_t2 y1_t3 y1_t4,0.05545941872733243
y1_t3 y4_t3 y1_t5,0.05545941872733243
y4_t2 y1_t3 y1_t5,0.05545941872733243
y1_t2 y4_t3 y1_t5,0.05545941872733243
y1_t2 y4_t2 y1_t5,0.05545941872733243
y1_t2 y4_t2 y1_t4,0.05545941872733243
y1_t0 y2_t3 y3_t5,0.055046857454246034
y1_t1 y2_t3 y3_t5,0.055046857454246034
y1_t1 y2_t3 y3_t4,0.055046857454246034
y1_t0 y2_t3 y3_t4,0.055046857454246034
y1_t1 y2_t2 y3_t5,0.055046857454246034
y1_t0 y2_t2 y3_t4,0.055046857454246034
y1_t0 y2_t2 y3_t5,0.055046857454246034
y1_t1 y2_t2 y3_t4,0.055046857454246034
y2_t0 y1_t4 y4_t7,0.054574919957528924
y2_t1 y1_t4 y4_t6,0.054574919957528924
y2_t1 y1_t5 y4_t6,0.054574919957528924
y2_t0 y1_t4 y4_t6,0.054574919957528924
y2_t0 y1_t5 y4_t7,0.054574919957528924
y2_t1 y1_t4 y4_t7,0.054574919957528924
y2_t0 y1_t5 y4_t6,0.054574919957528924
y2_t1 y1_t5 y4_t7,0.054574919957528924
y2_t3 y2_t7 y4_t7,-0.054504135207760186
y2_t3 y2_t6 y4_t6,-0.054504135207760186
y2_t2 y2_t6 y4_t6,-0.054504135207760186
y2_t3 y4_t6 y2_t7,-0.054504135207760186
y2_t2 y2_t6 y4_t7,-0.054504135207760186
y2_t2 y4_t6 y2_t7,-0.054504135207760186
y2_t3 y2_t6 y4_t7,-0.054504135207760186
y2_t2 y2_t7 y4_t7,-0.054504135207760186
y3_t1 y1_t6 y4_t7,0.05431365305536253
y3_t0 y1_t7 y4_t7,0.05431365305536253
y3_t1 y4_t6 y1_t7,0.05431365305536253
y3_t1 y1_t6 y4_t6,0.05431365305536253
y3_t0 y1_t6 y4_t6,0.05431365305536253
y3_t1 y1_t7 y4_t7,0.05431365305536253
y3_t0 y4_t6 y1_t7,0.05431365305536253
y3_t0 y1_t6 y4_t7,0.05431365305536253
y1_t3 y3_t5 y3_t7,-0.05430631847243762
y1_t2 y3_t4 y3_t6,-0.05430631847243762
y1_t2 y3_t5 y3_t7,-0.05430631847243762
y1_t3 y3_t4 y3_t6,-0.05430631847243762
y1_t2 y3_t4 y3_t7,-0.05430631847243762
y1_t3 y3_t4 y3_t7,-0.05430631847243762
y1_t2 y3_t5 y3_t6,-0.05430631847243762
y1_t3 y3_t5 y3_t6,-0.05430631847243762
y3_t4 y4_t6^2,0.054166782608027375
y3_t4 y4_t7^2,0.054166782608027375
y3_t4 y4_t6 y4_t7,0.054166782608027375
y3_t5 y4_t6^2,0.054166782608027375
y3_t5 y4_t7^2,0.054166782608027375
y3_t5 y4_t6 y4_t7,0.054166782608027375
y1_t0 y2_t5 y2_t6,-0.053644690849055765
y1_t1 y2_t4 y2_t7,-0.053644690849055765
y1_t1 y2_t5 y2_t7,-0.053644690849055765
y1_t0 y2_t5 y2_t7,-0.053644690849055765
y1_t0 y2_t4 y2_t6,-0.053644690849055765
y1_t0 y2_t4 y2_t7,-0.053644690849055765
y1_t1 y2_t5 y2_t6,-0.053644690849055765
y1_t1 y2_t4 y2_t6,-0.053644690849055765
y2_t0 y4_t3 y2_t7,-0.05360522227735434
y2_t0 y4_t3 y2_t6,-0.05360522227735434
y2_t0 y4_t2 y2_t6,-0.05360522227735434
y2_t1 y4_t3 y2_t7,-0.05360522227735434
y2_t0 y4_t2 y2_t7,-0.05360522227735434
y2_t1 y4_t3 y2_t6,-0.05360522227735434
y2_t1 y4_t2 y2_t6,-0.05360522227735434
y2_t1 y4_t2 y2_t7,-0.05360522227735434
y3_t0 y2_t1 y3_t4,0.05298932743794678
y3_t0 y2_t1 y3_t5,0.05298932743794678
y2_t0 y3_t1 y3_t4,0.05298932743794672
y2_t1 y3_t1 y3_t4,0.05298932743794672
y2_t0 y3_t1 y3_t5,0.05298932743794672
y2_t0 y3_t0 y3_t4,0.05298932743794672
y2_t1 y3_t1 y3_t5,0.05298932743794672
y2_t0 y3_t0 y3_t5,0.05298932743794672
y4_t4 y3_t5 y2_t7,-0.052857763063352436
y4_t4 y3_t5 y2_t6,-0.052857763063352436
y3_t4 y4_t5 y2_t7,-0.05285776306335238
y3_t5 y4_t5 y2_t6,-0.05285776306335238
y3_t4 y4_t4 y2_t7,-0.05285776306335238
y3_t4 y4_t5 y2_t6,-0.05285776306335238
y3_t5 y4_t5 y2_t7,-0.05285776306335238
y3_t4 y4_t4 y2_t6,-0.05285776306335238
y1_t0 y3_t5 y3_t6,-0.052070499441155826
y1_t0 y3_t5 y3_t7,-0.052070499441155826
y1_t0 y3_t4 y3_t7,-0.052070499441155826
y1_t0 y3_t4 y3_t6,-0.052070499441155826
y1_t1 y3_t4 y3_t7,-0.052070499441155826
y1_t1 y3_t5 y3_t6,-0.052070499441155826
y1_t1 y3_t5 y3_t7,-0.052070499441155826
y1_t1 y3_t4 y3_t6,-0.052070499441155826
y3_t7^2 y4_t7,0.05195333411641945
y4_t6 y3_t7^2,0.05195333411641945
y3_t6^2 y4_t6,0.05195333411641945
y3_t6^2 y4_t7,0.05195333411641945
y3_t6 y3_t7 y4_t7,0.05195333411641945
y3_t6 y4_t6 y3_t7,0.05195333411641945
y3_t2 y3_t3 y1_t5,0.05194067515961516
y3_t3^2 y1_t5,0.05194067515961516
y3_t2^2 y1_t5,0.05194067515961516
y3_t2^2 y1_t4,0.05194067515961516
y3_t2 y3_t3 y1_t4,0.05194067515961516
y3_t3^2 y1_t4,0.05194067515961516
y4_t1 y4_t2 y2_t6,-0.05182291816778344
y4_t0 y4_t3 y2_t7,-0.05182291816778344
y4_t1 y4_t2 y2_t7,-0.05182291816778344
y4_t0 y4_t2 y2_t6,-0.05182291816778344
y4_t0 y4_t3 y2_t6,-0.05182291816778344
y4_t1 y4_t3 y2_t6,-0.05182291816778344
y4_t0 y4_t2 y2_t7,-0.05182291816778344
y4_t1 y4_t3 y2_t7,-0.05182291816778344
y4_t4 y3_t5 y1_t7,0.05174309177995919
y4_t4 y3_t5 y1_t6,0.05174309177995919
y3_t4 y4_t5 y1_t6,0.051743091779959144
y3_t4 y4_t4 y1_t7,0.051743091779959144
y3_t4 y4_t4 y1_t6,0.051743091779959144
y3_t5 y4_t5 y1_t6,0.051743091779959144
y3_t5 y4_t5 y1_t7,0.051743091779959144
y3_t4 y4_t5 y1_t7,0.051743091779959144
y2_t3 y3_t3^2,0.051370721072629966
y3_t2 y2_t3 y3_t3,0.051370721072629966
y2_t2 y3_t2^2,0.051370721072629966
y2_t2 y3_t2 y3_t3,0.051370721072629966
y3_t2^2 y2_t3,0.051370721072629966
y2_t2 y3_t3^2,0.051370721072629966
y3_t4 y1_t5^2,0.05131130080556614
y1_t4^2 y3_t4,0.05131130080556608
y1_t4 y3_t4 y1_t5,0.05131130080556608
y1_t5^2 y3_t5,0.05131130080556608
y1_t4 y1_t5 y3_t5,0.05131130080556608
y1_t4^2 y3_t5,0.05131130080556608
y3_t1 y2_t3 y2_t4,0.051281804847046364
y3_t0 y2_t3 y2_t4,0.051281804847046364
y3_t0 y2_t3 y2_t5,0.051281804847046364
y3_t1 y2_t2 y2_t5,0.051281804847046364
y3_t1 y2_t2 y2_t4,0.051281804847046364
y3_t0 y2_t2 y2_t5,0.051281804847046364
y3_t0 y2_t2 y2_t4,0.051281804847046364
y3_t1 y2_t3 y2_t5,0.051281804847046364
y3_t0 y2_t2^2,0.05104979018636485
y3_t1 y2_t2 y2_t3,0.05104979018636485
y3_t1 y2_t3^2,0.05104979018636485
y3_t0 y2_t2 y2_t3,0.05104979018636485
y3_t0 y2_t3^2,0.05104979018636485
y3_t1 y2_t2^2,0.05104979018636485
y2_t3 y4_t3 y2_t7,-0.050783726776408314
y2_t2 y4_t3 y2_t6,-0.050783726776408314
y2_t3 y4_t3 y2_t6,-0.050783726776408314
y2_t2 y4_t3 y2_t7,-0.050783726776408314
y2_t2 y4_t2 y2_t7,-0.050783726776408314
y2_t2 y4_t2 y2_t6,-0.050783726776408314
y4_t2 y2_t3 y2_t7,-0.0507837267764082
y4_t2 y2_t3 y2_t6,-0.0507837267764082
y2_t2 y1_t3^2,-0.05037350158768476
y1_t2^2 y2_t3,-0.050373501587684735
y1_t2 y2_t2 y1_t3,-0.050373501587684735
y1_t2 y1_t3 y2_t3,-0.050373501587684735
y1_t3^2 y2_t3,-0.050373501587684735
y1_t2^2 y2_t2,-0.050373501587684735
y2_t2 y1_t5 y4_t7,0.05013376737732592
y2_t2 y1_t5 y4_t6,0.05013376737732592
y2_t3 y1_t5 y4_t7,0.05013376737732592
y2_t2 y1_t4 y4_t6,0.05013376737732592
y2_t3 y1_t4 y4_t7,0.05013376737732592
y2_t3 y1_t4 y4_t6,0.05013376737732592
y2_t2 y1_t4 y4_t7,0.05013376737732592
y2_t3 y1_t5 y4_t6,0.05013376737732592
y4_t3^3,0.05010451451775211
y4_t2^3,0.05010451451775211
y4_t2 y4_t3^2,0.05010451451775211
y4_t2^2 y4_t3,0.05010451451775211
y2_t1 y4_t2 y1_t3,-0.049798005613028426
y2_t1 y1_t3 y4_t3,-0.049798005613028426
y2_t0 y1_t3 y4_t3,-0.049798005613028426
y2_t0 y1_t2 y4_t3,-0.049798005613028426
y2_t0 y4_t2 y1_t3,-0.049798005613028426
y2_t1 y1_t2 y4_t3,-0.049798005613028426
y2_t1 y1_t2 y4_t2,-0.049798005613028426
y2_t0 y1_t2 y4_t2,-0.049798005613028426
y1_t2 y4_t7^2,-0.04944022226146094
y1_t3 y4_t6 y4_t7,-0.04944022226146094
y1_t3 y4_t7^2,-0.04944022226146094
y1_t2 y4_t6^2,-0.04944022226146094
y1_t3 y4_t6^2,-0.04944022226146094
y1_t2 y4_t6 y4_t7,-0.04944022226146094
y1_t0 y3_t1 y4_t7,-0.049378737718619996
y1_t0 y3_t0 y4_t6,-0.049378737718619996
y1_t0 y3_t0 y4_t7,-0.049378737718619996
y1_t1 y3_t1 y4_t6,-0.049378737718619996
y1_t1 y3_t1 y4_t7,-0.049378737718619996
y1_t0 y3_t1 y4_t6,-0.049378737718619996
y3_t0 y1_t1 y4_t6,-0.04937873771861999
y3_t0 y1_t1 y4_t7,-0.04937873771861999
y3_t1 y3_t2 y2_t4,0.049191516141977365
y3_t1 y3_t2 y2_t5,0.049191516141977365
y3_t1 y3_t3 y2_t5,0.049191516141977365
y3_t0 y3_t2 y2_t5,0.049191516141977365
y3_t0 y3_t3 y2_t5,0.049191516141977365
y3_t0 y3_t2 y2_t4,0.049191516141977365
y3_t0 y3_t3 y2_t4,0.049191516141977365
y3_t1 y3_t3 y2_t4,0.049191516141977365
y3_t2 y3_t4 y3_t6,-0.048828734340287894
y3_t3 y3_t4 y3_t6,-0.048828734340287894
y3_t2 y3_t4 y3_t7,-0.048828734340287894
y3_t3 y3_t4 y3_t7,-0.048828734340287894
y3_t2 y3_t5 y3_t6,-0.048828734340287894
y3_t2 y3_t5 y3_t7,-0.048828734340287894
y3_t3 y3_t5 y3_t7,-0.048828734340287894
y3_t3 y3_t5 y3_t6,-0.048828734340287894
y3_t0 y2_t1 y2_t3,0.04872648320821579
y3_t0 y2_t1 y2_t2,0.04872648320821579
y2_t1 y3_t1 y2_t3,0.048726483208215765
y2_t0 y3_t1 y2_t3,0.048726483208215765
y2_t1 y3_t1 y2_t2,0.048726483208215765
y2_t0 y3_t1 y2_t2,0.048726483208215765
y2_t0 y3_t0 y2_t2,0.048726483208215765
y2_t0 y3_t0 y2_t3,0.048726483208215765
y3_t3 y2_t4 y2_t7,0.04847489101595409
y3_t3 y2_t5 y2_t7,0.04847489101595409
y3_t2 y2_t4 y2_t7,0.04847489101595409
y3_t3 y2_t5 y2_t6,0.04847489101595409
y3_t2 y2_t4 y2_t6,0.04847489101595409
y3_t2 y2_t5 y2_t7,0.04847489101595409
y3_t2 y2_t5 y2_t6,0.04847489101595409
y3_t3 y2_t4 y2_t6,0.04847489101595409
y1_t1 y2_t4 y1_t5,-0.04840555819788034
y1_t0 y1_t4 y2_t4,-0.04840555819788034
y1_t0 y1_t5 y2_t5,-0.04840555819788034
y1_t1 y1_t4 y2_t4,-0.04840555819788034
y1_t1 y1_t4 y2_t5,-0.04840555819788034
y1_t0 y2_t4 y1_t5,-0.04840555819788034
y1_t1 y1_t5 y2_t5,-0.04840555819788034
y1_t0 y1_t4 y2_t5,-0.04840555819788034
y1_t3 y3_t4 y1_t7,0.04836007463902018
y1_t2 y3_t5 y1_t7,0.04836007463902018
y1_t2 y3_t5 y1_t6,0.04836007463902018
y1_t3 y3_t5 y1_t6,0.04836007463902018
y1_t2 y3_t4 y1_t7,0.04836007463902018
y1_t3 y3_t5 y1_t7,0.04836007463902018
y1_t3 y3_t4 y1_t6,0.04836007463902018
y1_t2 y3_t4 y1_t6,0.04836007463902018
y3_t0 y1_t5 y4_t5,0.048275599261437596
y3_t1 y1_t4 y4_t4,0.048275599261437596
y3_t1 y4_t4 y1_t5,0.048275599261437596
y3_t0 y1_t4 y4_t5,0.048275599261437596
y3_t0 y1_t4 y4_t4,0.048275599261437596
y3_t1 y1_t4 y4_t5,0.048275599261437596
y3_t1 y1_t5 y4_t5,0.048275599261437596
y3_t0 y4_t4 y1_t5,0.048275599261437596
y2_t4 y4_t5 y4_t6,-0.048204368604260625
y2_t4 y4_t4 y4_t6,-0.048204368604260625
y4_t4 y2_t5 y4_t6,-0.048204368604260625
y2_t4 y4_t4 y4_t7,-0.048204368604260625
y2_t4 y4_t5 y4_t7,-0.048204368604260625
y4_t4 y2_t5 y4_t7,-0.048204368604260625
y2_t5 y4_t5 y4_t7,-0.048204368604260625
y2_t5 y4_t5 y4_t6,-0.048204368604260625
y3_t0 y2_t4 y3_t6,0.04802493482001674
y3_t0 y2_t5 y3_t6,0.04802493482001674
y3_t1 y2_t4 y3_t7,0.04802493482001674
y3_t0 y2_t5 y3_t7,0.04802493482001674
y3_t0 y2_t4 y3_t7,0.04802493482001674
y3_t1 y2_t4 y3_t6,0.04802493482001674
y3_t1 y2_t5 y3_t6,0.04802493482001674
y3_t1 y2_t5 y3_t7,0.04802493482001674
y3_t1^2 y2_t4,0.04801213902591844
y3_t1^2 y2_t5,0.04801213902591844
y3_t0^2 y2_t5,0.04801213902591844
y3_t0 y3_t1 y2_t4,0.04801213902591844
y3_t0^2 y2_t4,0.04801213902591844
y3_t0 y3_t1 y2_t5,0.04801213902591844
y1_t5 y4_t5 y4_t7,-0.047752232105121195
y1_t5 y4_t5 y4_t6,-0.047752232105121195
y1_t4 y4_t5 y4_t7,-0.047752232105121195
y1_t4 y4_t4 y4_t6,-0.047752232105121195
y1_t4 y4_t4 y4_t7,-0.047752232105121195
y1_t4 y4_t5 y4_t6,-0.047752232105121195
y4_t4 y1_t5 y4_t6,-0.047752232105121
y4_t4 y1_t5 y4_t7,-0.047752232105121
y2_t0 y3_t6 y4_t6,-0.04748182026529158
y2_t1 y4_t6 y3_t7,-0.04748182026529158
y2_t0 y3_t6 y4_t7,-0.04748182026529158
y2_t1 y3_t6 y4_t6,-0.04748182026529158
y2_t1 y3_t6 y4_t7,-0.04748182026529158
y2_t1 y3_t7 y4_t7,-0.04748182026529158
y2_t0 y4_t6 y3_t7,-0.04748182026529158
y2_t0 y3_t7 y4_t7,-0.04748182026529158
y1_t5 y4_t6^2,0.04722421376612437
y1_t4 y4_t7^2,0.04722421376612437
y1_t4 y4_t6^2,0.04722421376612437
y1_t5 y4_t6 y4_t7,0.04722421376612437
y1_t5 y4_t7^2,0.04722421376612437
y1_t4 y4_t6 y4_t7,0.04722421376612437
y4_t3 y2_t4 y4_t4,-0.04704898723575196
y4_t2 y2_t5 y4_t5,-0.04704898723575196
y4_t3 y2_t4 y4_t5,-0.04704898723575196
y4_t2 y4_t4 y2_t5,-0.04704898723575196
y4_t3 y4_t4 y2_t5,-0.04704898723575196
y4_t2 y2_t4 y4_t5,-0.04704898723575196
y4_t3 y2_t5 y4_t5,-0.04704898723575196
y4_t2 y2_t4 y4_t4,-0.04704898723575196
y1_t3 y2_t3 y4_t3,0.04687064478616978
y1_t2 y2_t2 y4_t3,0.04687064478616978
y1_t2 y2_t3 y4_t3,0.04687064478616978
y1_t2 y2_t2 y4_t2,0.04687064478616978
y1_t2 y4_t2 y2_t3,0.04687064478616978
y2_t2 y4_t2 y1_t3,0.04687064478616977
y2_t2 y1_t3 y4_t3,0.04687064478616977
y4_t2 y1_t3 y2_t3,0.04687064478616975
y3_t3 y1_t6 y4_t7,0.046726345879536814
y3_t3 y1_t7 y4_t7,0.046726345879536814
y3_t3 y4_t6 y1_t7,0.046726345879536814
y3_t2 y1_t6 y4_t7,0.046726345879536814
y3_t3 y1_t6 y4_t6,0.046726345879536814
y3_t2 y4_t6 y1_t7,0.046726345879536814
y3_t2 y1_t7 y4_t7,0.046726345879536814
y3_t2 y1_t6 y4_t6,0.046726345879536814
y4_t5 y2_t7 y3_t7,-0.04638774192008539
y4_t4 y2_t6 y3_t6,-0.04638774192008539
y4_t5 y2_t6 y3_t6,-0.04638774192008539
y4_t5 y2_t6 y3_t7,-0.04638774192008539
y4_t4 y3_t6 y2_t7,-0.04638774192008539
y4_t5 y3_t6 y2_t7,-0.04638774192008539
y4_t4 y2_t6 y3_t7,-0.04638774192008539
y4_t4 y2_t7 y3_t7,-0.04638774192008539
y1_t3 y3_t3 y2_t5,-0.04613010041065403
y1_t2 y3_t2 y2_t4,-0.04613010041065403
y1_t3 y3_t3 y2_t4,-0.04613010041065403
y1_t2 y3_t3 y2_t5,-0.04613010041065403
y1_t2 y3_t3 y2_t4,-0.04613010041065403
y1_t2 y3_t2 y2_t5,-0.04613010041065403
y3_t2 y1_t3 y2_t5,-0.04613010041065399
y3_t2 y1_t3 y2_t4,-0.04613010041065399
y1_t1 y1_t2 y2_t4,0.046105742219955725
y1_t0 y1_t3 y2_t5,0.046105742219955725
y1_t0 y1_t3 y2_t4,0.046105742219955725
y1_t0 y1_t2 y2_t5,0.046105742219955725
y1_t1 y1_t3 y2_t5,0.046105742219955725
y1_t1 y1_t3 y2_t4,0.046105742219955725
y1_t1 y1_t2 y2_t5,0.046105742219955725
y1_t0 y1_t2 y2_t4,0.046105742219955725
y2_t0 y2_t1 y2_t7,-0.04599101630708918
y2_t0^2 y2_t6,-0.04599101630708918
y2_t0^2 y2_t7,-0.04599101630708918
y2_t1^2 y2_t6,-0.04599101630708918
y2_t0 y2_t1 y2_t6,-0.04599101630708918
y2_t1^2 y2_t7,-0.04599101630708918
y1_t1 y4_t1 y4_t4,0.045956763341769444
y4_t0 y1_t1 y4_t5,0.045956763341769444
y1_t1 y4_t1 y4_t5,0.045956763341769444
y4_t0 y1_t1 y4_t4,0.045956763341769444
y1_t0 y4_t0 y4_t5,0.045956763341769444
y1_t0 y4_t0 y4_t4,0.045956763341769444
y1_t0 y4_t1 y4_t4,0.045956763341769444
y1_t0 y4_t1 y4_t5,0.045956763341769444
y3_t2 y1_t4 y4_t4,0.045886958391040886
y3_t3 y1_t5 y4_t5,0.045886958391040886
y3_t2 y4_t4 y1_t5,0.045886958391040886
y3_t3 y4_t4 y1_t5,0.045886958391040886
y3_t2 y1_t5 y4_t5,0.045886958391040886
y3_t2 y1_t4 y4_t5,0.045886958391040886
y3_t3 y1_t4 y4_t4,0.045886958391040886
y3_t3 y1_t4 y4_t5,0.045886958391040886
y1_t2 y4_t2 y1_t7,0.04582952747144636
y4_t2 y1_t3 y1_t7,0.04582952747144636
y1_t3 y4_t3 y1_t7,0.04582952747144636
y1_t2 y4_t3 y1_t7,0.04582952747144636
y1_t2 y4_t3 y1_t6,0.04582952747144636
y4_t2 y1_t3 y1_t6,0.04582952747144636
y1_t3 y4_t3 y1_t6,0.04582952747144636
y1_t2 y4_t2 y1_t6,0.04582952747144636
y2_t0 y1_t4 y3_t6,0.045665951235347696
y2_t0 y1_t5 y3_t7,0.045665951235347696
y2_t0 y1_t4 y3_t7,0.045665951235347696
y2_t0 y1_t5 y3_t6,0.045665951235347696
y2_t1 y1_t5 y3_t6,0.045665951235347696
y2_t1 y1_t4 y3_t6,0.045665951235347696
y2_t1 y1_t4 y3_t7,0.045665951235347696
y2_t1 y1_t5 y3_t7,0.045665951235347696
y2_t0 y1_t3 y3_t3,0.04547385157101466
y2_t0 y3_t2 y1_t3,0.04547385157101466
y2_t1 y1_t2 y3_t2,0.04547385157101466
y2_t1 y1_t2 y3_t3,0.04547385157101466
y2_t0 y1_t2 y3_t2,0.04547385157101466
y2_t1 y3_t2 y1_t3,0.04547385157101466
y2_t0 y1_t2 y3_t3,0.04547385157101466
y2_t1 y1_t3 y3_t3,0.04547385157101466
y2_t2 y2_t3 y3_t4,0.045439052883190834
y2_t2^2 y3_t5,0.045439052883190834
y2_t2^2 y3_t4,0.045439052883190834
y2_t2 y2_t3 y3_t5,0.045439052883190834
y2_t3^2 y3_t4,0.045439052883190834
y2_t3^2 y3_t5,0.045439052883190834
y1_t1 y3_t7 y4_t7,-0.04527471101287264
y1_t0 y3_t7 y4_t7,-0.04527471101287264
y1_t0 y3_t6 y4_t6,-0.04527471101287264
y1_t0 y3_t6 y4_t7,-0.04527471101287264
y1_t1 y3_t6 y4_t6,-0.04527471101287264
y1_t1 y3_t6 y4_t7,-0.04527471101287264
y1_t0 y4_t6 y3_t7,-0.04527471101287264
y1_t1 y4_t6 y3_t7,-0.04527471101287264
y4_t0 y2_t1 y4_t5,-0.045185115876861935
y4_t0 y2_t1 y4_t4,-0.045185115876861935
y2_t0 y4_t0 y4_t5,-0.04518511587686191
y2_t1 y4_t1 y4_t5,-0.04518511587686191
y2_t1 y4_t1 y4_t4,-0.04518511587686191
y2_t0 y4_t1 y4_t4,-0.04518511587686191
y2_t0 y4_t0 y4_t4,-0.04518511587686191
y2_t0 y4_t1 y4_t5,-0.04518511587686191
y3_t0 y4_t1 y1_t4,0.04515831905049357
y3_t1 y4_t1 y1_t4,0.04515831905049357
y3_t0 y4_t0 y1_t4,0.04515831905049357
y3_t0 y4_t0 y1_t5,0.04515831905049357
y3_t1 y4_t1 y1_t5,0.04515831905049357
y3_t0 y4_t1 y1_t5,0.04515831905049357
y4_t0 y3_t1 y1_t4,0.0451583190504935
y4_t0 y3_t1 y1_t5,0.0451583190504935
y1_t1 y2_t6 y4_t6,-0.04486923467309091
y1_t1 y2_t6 y4_t7,-0.04486923467309091
y1_t0 y2_t6 y4_t7,-0.04486923467309091
y1_t0 y4_t6 y2_t7,-0.04486923467309091
y1_t1 y2_t7 y4_t7,-0.04486923467309091
y1_t1 y4_t6 y2_t7,-0.04486923467309091
y1_t0 y2_t6 y4_t6,-0.04486923467309091
y1_t0 y2_t7 y4_t7,-0.04486923467309091
y4_t0 y2_t1 y2_t4,0.04485547962417492
y4_t0 y2_t1 y2_t5,0.04485547962417492
y2_t1 y4_t1 y2_t5,0.04485547962417489
y2_t0 y4_t0 y2_t5,0.04485547962417489
y2_t1 y4_t1 y2_t4,0.04485547962417489
y2_t0 y4_t0 y2_t4,0.04485547962417489
y2_t0 y4_t1 y2_t4,0.04485547962417489
y2_t0 y4_t1 y2_t5,0.04485547962417489
y1_t1 y3_t2 y2_t4,-0.044733122905413786
y1_t1 y3_t3 y2_t5,-0.044733122905413786
y1_t0 y3_t2 y2_t4,-0.044733122905413786
y1_t1 y3_t2 y2_t5,-0.044733122905413786
y1_t0 y3_t2 y2_t5,-0.044733122905413786
y1_t0 y3_t3 y2_t4,-0.044733122905413786
y1_t0 y3_t3 y2_t5,-0.044733122905413786
y1_t1 y3_t3 y2_t4,-0.044733122905413786
y4_t4 y2_t5^2,0.044658015847128196
y2_t4 y4_t4 y2_t5,0.044658015847128085
y2_t4 y2_t5 y4_t5,0.044658015847128085
y2_t4^2 y4_t5,0.044658015847128085
y2_t5^2 y4_t5,0.044658015847128085
y2_t4^2 y4_t4,0.044658015847128085
y2_t2 y3_t2 y1_t5,-0.04461423122513303
y2_t2 y3_t3 y1_t4,-0.04461423122513303
y2_t3 y3_t3 y1_t5,-0.04461423122513303
y2_t2 y3_t3 y1_t5,-0.04461423122513303
y2_t3 y3_t3 y1_t4,-0.04461423122513303
y2_t2 y3_t2 y1_t4,-0.04461423122513303
y3_t2 y2_t3 y1_t4,-0.04461423122513297
y3_t2 y2_t3 y1_t5,-0.04461423122513297
y3_t1^2 y2_t2,0.04442476123841915
y3_t0^2 y2_t3,0.04442476123841915
y3_t0 y3_t1 y2_t2,0.04442476123841915
y3_t1^2 y2_t3,0.04442476123841915
y3_t0^2 y2_t2,0.04442476123841915
y3_t0 y3_t1 y2_t3,0.04442476123841915
y1_t3 y1_t5 y4_t5,-0.044340611395031065
y1_t3 y4_t4 y1_t5,-0.044340611395031065
y1_t2 y1_t5 y4_t5,-0.044340611395031065
y1_t3 y1_t4 y4_t4,-0.044340611395031065
y1_t2 y1_t4 y4_t4,-0.044340611395031065
y1_t3 y1_t4 y4_t5,-0.044340611395031065
y1_t2 y1_t4 y4_t5,-0.044340611395031065
y1_t2 y4_t4 y1_t5,-0.044340611395031065
y1_t2^2 y4_t3,-0.04344376432881042
y4_t2 y1_t3^2,-0.04344376432881042
y1_t2^2 y4_t2,-0.04344376432881042
y1_t3^2 y4_t3,-0.04344376432881042
y1_t2 y1_t3 y4_t3,-0.04344376432881042
y1_t2 y4_t2 y1_t3,-0.04344376432881042
y2_t2 y4_t4 y2_t6,-0.04329171337450316
y2_t3 y4_t5 y2_t6,-0.04329171337450316
y2_t2 y4_t5 y2_t7,-0.04329171337450316
y2_t2 y4_t4 y2_t7,-0.04329171337450316
y2_t3 y4_t5 y2_t7,-0.04329171337450316
y2_t3 y4_t4 y2_t6,-0.04329171337450316
y2_t3 y4_t4 y2_t7,-0.04329171337450316
y2_t2 y4_t5 y2_t6,-0.04329171337450316
y2_t0 y3_t4 y2_t5,0.04327152056662931
y2_t0 y2_t4 y3_t5,0.04327152056662931
y2_t0 y2_t5 y3_t5,0.04327152056662931
y2_t1 y2_t4 y3_t4,0.04327152056662931
y2_t1 y2_t4 y3_t5,0.04327152056662931
y2_t1 y3_t4 y2_t5,0.04327152056662931
y2_t1 y2_t5 y3_t5,0.04327152056662931
y2_t0 y2_t4 y3_t4,0.04327152056662931
y2_t0 y3_t4 y4_t4,-0.04294261113613816
y2_t1 y3_t5 y4_t5,-0.04294261113613816
y2_t1 y3_t4 y4_t5,-0.04294261113613816
y2_t0 y3_t5 y4_t5,-0.04294261113613816
y2_t0 y3_t4 y4_t5,-0.04294261113613816
y2_t0 y4_t4 y3_t5,-0.04294261113613816
y2_t1 y3_t4 y4_t4,-0.04294261113613816
y2_t1 y4_t4 y3_t5,-0.04294261113613816
y3_t3 y1_t5,0.04294175077969748
y3_t2 y1_t4,0.04294175077969748
y3_t2 y1_t5,0.04294175077969748
y3_t3 y1_t4,0.04294175077969748
y4_t0 y1_t3 y4_t4,0.04264224687490362
y4_t0 y1_t3 y4_t5,0.04264224687490362
y4_t1 y1_t3 y4_t4,0.04264224687490362
y4_t0 y1_t2 y4_t4,0.04264224687490362
y4_t1 y1_t3 y4_t5,0.04264224687490362
y4_t1 y1_t2 y4_t5,0.04264224687490362
y4_t0 y1_t2 y4_t5,0.04264224687490362
y4_t1 y1_t2 y4_t4,0.04264224687490362
y4_t3^2 y4_t5,-0.042543711743490364
y4_t3^2 y4_t4,-0.042543711743490364
y4_t2 y4_t3 y4_t5,-0.042543711743490364
y4_t2 y4_t3 y4_t4,-0.042543711743490364
y4_t2^2 y4_t4,-0.042543711743490364
y4_t2^2 y4_t5,-0.042543711743490364
y3_t2 y4_t3 y2_t5,-0.04252888369000485
y3_t2 y4_t2 y2_t4,-0.04252888369000485
y3_t2 y4_t3 y2_t4,-0.04252888369000485
y4_t2 y3_t3 y2_t4,-0.04252888369000485
y3_t3 y4_t3 y2_t5,-0.04252888369000485
y4_t2 y3_t3 y2_t5,-0.04252888369000485
y3_t3 y4_t3 y2_t4,-0.04252888369000485
y3_t2 y4_t2 y2_t5,-0.04252888369000485
y2_t2 y1_t3 y1_t4,0.042499822563863775
y2_t2 y1_t3 y1_t5,0.042499822563863775
y1_t3 y2_t3 y1_t4,0.042499822563863754
y1_t2 y2_t2 y1_t5,0.042499822563863754
y1_t2 y2_t2 y1_t4,0.042499822563863754
y1_t2 y2_t3 y1_t5,0.042499822563863754
y1_t2 y2_t3 y1_t4,0.042499822563863754
y1_t3 y2_t3 y1_t5,0.042499822563863754
y2_t4 y1_t5 y1_t7,-0.04244354063251461
y2_t4 y1_t5 y1_t6,-0.04244354063251461
y1_t4 y2_t4 y1_t6,-0.04244354063251459
y1_t5 y2_t5 y1_t7,-0.04244354063251459
y1_t5 y2_t5 y1_t6,-0.04244354063251459
y1_t4 y2_t5 y1_t6,-0.04244354063251459
y1_t4 y2_t4 y1_t7,-0.04244354063251459
y1_t4 y2_t5 y1_t7,-0.04244354063251459
y3_t1 y2_t4 y2_t7,0.042269686690519614
y3_t1 y2_t5 y2_t6,0.042269686690519614
y3_t1 y2_t5 y2_t7,0.042269686690519614
y3_t0 y2_t5 y2_t7,0.042269686690519614
y3_t1 y2_t4 y2_t6,0.042269686690519614
y3_t0 y2_t5 y2_t6,0.042269686690519614
y3_t0 y2_t4 y2_t6,0.042269686690519614
y3_t0 y2_t4 y2_t7,0.042269686690519614
y4_t1 y2_t4 y4_t6,-0.042016987034706396
y4_t0 y2_t5 y4_t7,-0.042016987034706396
y4_t0 y2_t4 y4_t6,-0.042016987034706396
y4_t0 y2_t4 y4_t7,-0.042016987034706396
y4_t0 y2_t5 y4_t6,-0.042016987034706396
y4_t1 y2_t5 y4_t7,-0.042016987034706396
y4_t1 y2_t5 y4_t6,-0.042016987034706396
y4_t1 y2_t4 y4_t7,-0.042016987034706396
y3_t0 y3_t4 y4_t6,-0.04195137037375496
y3_t0 y3_t4 y4_t7,-0.04195137037375496
y3_t0 y3_t5 y4_t6,-0.04195137037375496
y3_t0 y3_t5 y4_t7,-0.04195137037375496
y3_t1 y3_t5 y4_t7,-0.04195137037375496
y3_t1 y3_t5 y4_t6,-0.04195137037375496
y3_t1 y3_t4 y4_t6,-0.04195137037375496
y3_t1 y3_t4 y4_t7,-0.04195137037375496
y4_t3 y1_t4 y2_t5,-0.04188061366843694
y4_t3 y1_t4 y2_t4,-0.04188061366843694
y4_t3 y2_t4 y1_t5,-0.04188061366843694
y4_t2 y1_t4 y2_t5,-0.04188061366843694
y4_t2 y2_t4 y1_t5,-0.04188061366843694
y4_t2 y1_t5 y2_t5,-0.04188061366843694
y4_t3 y1_t5 y2_t5,-0.04188061366843694
y4_t2 y1_t4 y2_t4,-0.04188061366843694
y1_t0 y4_t1 y2_t4,0.04163660314511955
y1_t0 y4_t0 y2_t4,0.04163660314511955
y1_t1 y4_t1 y2_t5,0.04163660314511955
y1_t0 y4_t0 y2_t5,0.04163660314511955
y1_t1 y4_t1 y2_t4,0.04163660314511955
y1_t0 y4_t1 y2_t5,0.04163660314511955
y4_t0 y1_t1 y2_t5,0.041636603145119515
y4_t0 y1_t1 y2_t4,0.041636603145119515
y3_t4 y3_t6^2,0.04133180846891771
y3_t5 y3_t6 y3_t7,0.04133180846891771
y3_t5 y3_t6^2,0.04133180846891771
y3_t4 y3_t6 y3_t7,0.04133180846891771
y3_t4 y3_t7^2,0.04133180846891771
y3_t5 y3_t7^2,0.04133180846891771
y4_t0 y4_t3 y3_t6,-0.04125123557153612
y4_t1 y4_t3 y3_t7,-0.04125123557153612
y4_t1 y4_t3 y3_t6,-0.04125123557153612
y4_t0 y4_t2 y3_t7,-0.04125123557153612
y4_t1 y4_t2 y3_t6,-0.04125123557153612
y4_t0 y4_t2 y3_t6,-0.04125123557153612
y4_t1 y4_t2 y3_t7,-0.04125123557153612
y4_t0 y4_t3 y3_t7,-0.04125123557153612
y3_t0 y2_t2 y4_t5,0.04119192514562209
y3_t1 y2_t3 y4_t5,0.04119192514562209
y3_t1 y2_t3 y4_t4,0.04119192514562209
y3_t0 y2_t3 y4_t5,0.04119192514562209
y3_t0 y2_t3 y4_t4,0.04119192514562209
y3_t0 y2_t2 y4_t4,0.04119192514562209
y3_t1 y2_t2 y4_t4,0.04119192514562209
y3_t1 y2_t2 y4_t5,0.04119192514562209
y4_t4 y4_t5 y1_t6,0.04109477922652674
y4_t4 y4_t5 y1_t7,0.04109477922652674
y4_t4^2 y1_t6,0.04109477922652674
y4_t5^2 y1_t6,0.04109477922652674
y4_t5^2 y1_t7,0.04109477922652674
y4_t4^2 y1_t7,0.04109477922652674
y2_t1 y3_t3 y4_t7,-0.0408772965477656
y2_t0 y3_t3 y4_t7,-0.0408772965477656
y2_t0 y3_t2 y4_t7,-0.0408772965477656
y2_t1 y3_t3 y4_t6,-0.0408772965477656
y2_t1 y3_t2 y4_t7,-0.0408772965477656
y2_t1 y3_t2 y4_t6,-0.0408772965477656
y2_t0 y3_t2 y4_t6,-0.0408772965477656
y2_t0 y3_t3 y4_t6,-0.0408772965477656
y1_t0 y2_t1 y2_t4,0.04055742105040877
y1_t0 y2_t0 y2_t4,0.04055742105040877
y1_t0 y2_t1 y2_t5,0.04055742105040877
y1_t0 y2_t0 y2_t5,0.04055742105040877
y2_t0 y1_t1 y2_t4,0.04055742105040877
y1_t1 y2_t1 y2_t4,0.04055742105040877
y1_t1 y2_t1 y2_t5,0.04055742105040877
y2_t0 y1_t1 y2_t5,0.04055742105040877
y1_t3 y4_t5 y1_t7,0.04035933817782178
y1_t2 y4_t4 y1_t6,0.04035933817782178
y1_t2 y4_t4 y1_t7,0.04035933817782178
y1_t3 y4_t4 y1_t7,0.04035933817782178
y1_t3 y4_t5 y1_t6,0.04035933817782178
y1_t2 y4_t5 y1_t7,0.04035933817782178
y1_t3 y4_t4 y1_t6,0.04035933817782178
y1_t2 y4_t5 y1_t6,0.04035933817782178
y2_t2 y4_t6 y4_t7,0.04030381672179221
y2_t3 y4_t6 y4_t7,0.04030381672179221
y2_t3 y4_t7^2,0.04030381672179221
y2_t2 y4_t6^2,0.04030381672179221
y2_t2 y4_t7^2,0.04030381672179221
y2_t3 y4_t6^2,0.04030381672179221
y4_t2 y3_t5 y2_t6,0.04027763557120442
y4_t2 y3_t5 y2_t7,0.04027763557120442
y4_t3 y3_t4 y2_t6,0.04027763557120442
y4_t2 y3_t4 y2_t7,0.04027763557120442
y4_t3 y3_t4 y2_t7,0.04027763557120442
y4_t2 y3_t4 y2_t6,0.04027763557120442
y4_t3 y3_t5 y2_t6,0.04027763557120442
y4_t3 y3_t5 y2_t7,0.04027763557120442
y1_t4 y3_t4 y2_t6,0.040196660002050286
y1_t4 y3_t5 y2_t7,0.040196660002050286
y1_t4 y3_t5 y2_t6,0.040196660002050286
y1_t4 y3_t4 y2_t7,0.040196660002050286
y1_t5 y3_t5 y2_t6,0.040196660002050286
y1_t5 y3_t5 y2_t7,0.040196660002050286
y3_t4 y1_t5 y2_t6,0.04019666000205028
y3_t4 y1_t5 y2_t7,0.04019666000205028
y1_t2 y2_t2,-0.04002334062426201
y2_t2 y1_t3,-0.04002334062426201
y1_t2 y2_t3,-0.04002334062426201
y1_t3 y2_t3,-0.04002334062426201
y2_t1 y3_t2 y3_t7,0.03989661361963507
y2_t0 y3_t3 y3_t7,0.03989661361963507
y2_t1 y3_t2 y3_t6,0.03989661361963507
y2_t1 y3_t3 y3_t6,0.03989661361963507
y2_t1 y3_t3 y3_t7,0.03989661361963507
y2_t0 y3_t2 y3_t7,0.03989661361963507
y2_t0 y3_t3 y3_t6,0.03989661361963507
y2_t0 y3_t2 y3_t6,0.03989661361963507
y2_t1 y1_t6 y3_t6,-0.039714510833759806
y2_t0 y1_t7 y3_t7,-0.039714510833759806
y2_t0 y1_t6 y3_t7,-0.039714510833759806
y2_t1 y3_t6 y1_t7,-0.039714510833759806
y2_t0 y3_t6 y1_t7,-0.039714510833759806
y2_t1 y1_t7 y3_t7,-0.039714510833759806
y2_t1 y1_t6 y3_t7,-0.039714510833759806
y2_t0 y1_t6 y3_t6,-0.039714510833759806
y4_t5^2,-0.03968578512587116
y4_t4^2,-0.03968578512587116
y4_t4 y4_t5,-0.03968578512587116
y1_t1 y4_t3 y1_t6,-0.03933678163433822
y1_t0 y4_t3 y1_t7,-0.03933678163433822
y1_t1 y4_t2 y1_t7,-0.03933678163433822
y1_t1 y4_t2 y1_t6,-0.03933678163433822
y1_t1 y4_t3 y1_t7,-0.03933678163433822
y1_t0 y4_t3 y1_t6,-0.03933678163433822
y1_t0 y4_t2 y1_t7,-0.03933678163433822
y1_t0 y4_t2 y1_t6,-0.03933678163433822
y3_t0 y2_t3 y3_t7,0.03933667749881273
y3_t0 y2_t2 y3_t6,0.03933667749881273
y3_t0 y2_t3 y3_t6,0.03933667749881273
y3_t1 y2_t3 y3_t6,0.03933667749881273
y3_t1 y2_t3 y3_t7,0.03933667749881273
y3_t0 y2_t2 y3_t7,0.03933667749881273
y3_t1 y2_t2 y3_t7,0.03933667749881273
y3_t1 y2_t2 y3_t6,0.03933667749881273
y2_t4 y4_t5 y3_t7,-0.039308844167254386
y2_t4 y4_t4 y3_t6,-0.039308844167254386
y4_t4 y2_t5 y3_t7,-0.039308844167254386
y2_t4 y4_t5 y3_t6,-0.039308844167254386
y2_t4 y4_t4 y3_t7,-0.039308844167254386
y2_t5 y4_t5 y3_t7,-0.039308844167254386
y4_t4 y2_t5 y3_t6,-0.039308844167254386
y2_t5 y4_t5 y3_t6,-0.039308844167254386
y1_t1 y1_t4 y3_t7,0.03923516452617313
y1_t0 y1_t5 y3_t7,0.03923516452617313
y1_t1 y1_t4 y3_t6,0.03923516452617313
y1_t0 y1_t4 y3_t6,0.03923516452617313
y1_t1 y1_t5 y3_t6,0.03923516452617313
y1_t1 y1_t5 y3_t7,0.03923516452617313
y1_t0 y1_t4 y3_t7,0.03923516452617313
y1_t0 y1_t5 y3_t6,0.03923516452617313
y1_t5 y2_t5 y3_t6,0.03921003214831851
y1_t4 y2_t4 y3_t7,0.03921003214831851
y2_t4 y1_t5 y3_t7,0.03921003214831851
y1_t4 y2_t5 y3_t6,0.03921003214831851
y1_t4 y2_t4 y3_t6,0.03921003214831851
y1_t4 y2_t5 y3_t7,0.03921003214831851
y2_t4 y1_t5 y3_t6,0.03921003214831851
y1_t5 y2_t5 y3_t7,0.03921003214831851
y1_t2 y2_t2 y3_t7,0.03912289893616415
y1_t3 y2_t3 y3_t7,0.03912289893616415
y1_t3 y2_t3 y3_t6,0.03912289893616415
y1_t2 y2_t2 y3_t6,0.03912289893616415
y1_t2 y2_t3 y3_t7,0.03912289893616415
y1_t2 y2_t3 y3_t6,0.03912289893616415
y2_t2 y1_t3 y3_t6,0.039122898936164135
y2_t2 y1_t3 y3_t7,0.039122898936164135
y4_t3 y1_t4 y4_t6,-0.03893532333577443
y4_t3 y1_t4 y4_t7,-0.03893532333577443
y4_t2 y1_t4 y4_t7,-0.03893532333577443
y4_t3 y1_t5 y4_t6,-0.03893532333577443
y4_t3 y1_t5 y4_t7,-0.03893532333577443
y4_t2 y1_t5 y4_t6,-0.03893532333577443
y4_t2 y1_t5 y4_t7,-0.03893532333577443
y4_t2 y1_t4 y4_t6,-0.03893532333577443
y3_t6 y4_t7^2,0.03889272419479167
y3_t6 y4_t6^2,0.03889272419479167
y3_t6 y4_t6 y4_t7,0.03889272419479167
y3_t7 y4_t7^2,0.03889272419479167
y4_t6 y3_t7 y4_t7,0.03889272419479167
y4_t6^2 y3_t7,0.03889272419479167
y3_t3^3,0.03866079958412538
y3_t2^3,0.03866079958412538
y3_t2 y3_t3^2,0.03866079958412538
y3_t2^2 y3_t3,0.03866079958412538
y1_t1 y3_t3 y4_t7,-0.03864334427824302
y1_t0 y3_t3 y4_t7,-0.03864334427824302
y1_t0 y3_t2 y4_t6,-0.03864334427824302
y1_t0 y3_t3 y4_t6,-0.03864334427824302
y1_t1 y3_t2 y4_t6,-0.03864334427824302
y1_t1 y3_t3 y4_t6,-0.03864334427824302
y1_t1 y3_t2 y4_t7,-0.03864334427824302
y1_t0 y3_t2 y4_t7,-0.03864334427824302
y4_t3 y2_t6^2,-0.038462118466780965
y4_t2 y2_t7^2,-0.038462118466780965
y4_t3 y2_t7^2,-0.038462118466780965
y4_t3 y2_t6 y2_t7,-0.038462118466780965
y4_t2 y2_t6 y2_t7,-0.038462118466780965
y4_t2 y2_t6^2,-0.038462118466780965
y3_t1^2 y4_t3,0.037962933824652045
y3_t0 y3_t1 y4_t2,0.037962933824652045
y3_t0 y3_t1 y4_t3,0.037962933824652045
y3_t0^2 y4_t3,0.037962933824652045
y3_t0^2 y4_t2,0.037962933824652045
y3_t1^2 y4_t2,0.03796293382465177
y3_t3 y4_t3,0.03750251785448891
y3_t2 y4_t2,0.03750251785448891
y4_t2 y3_t3,0.03750251785448891
y3_t2 y4_t3,0.03750251785448891
y2_t2 y2_t3 y4_t3,0.037374016170154845
y4_t2 y2_t3^2,0.037374016170154845
y2_t2^2 y4_t2,0.037374016170154845
y2_t3^2 y4_t3,0.037374016170154845
y2_t2^2 y4_t3,0.037374016170154845
y2_t2 y4_t2 y2_t3,0.037374016170154845
y3_t0 y2_t5^2,0.037325091538936817
y3_t0 y2_t4^2,0.037325091538936817
y3_t1 y2_t5^2,0.037325091538936817
y3_t1 y2_t4^2,0.037325091538936817
y3_t1 y2_t4 y2_t5,0.037325091538936817
y3_t0 y2_t4 y2_t5,0.037325091538936817
y2_t2 y2_t3 y4_t6,0.037302642779279804
y2_t3^2 y4_t6,0.037302642779279804
y2_t3^2 y4_t7,0.037302642779279804
y2_t2^2 y4_t7,0.037302642779279804
y2_t2 y2_t3 y4_t7,0.037302642779279804
y2_t2^2 y4_t6,0.037302642779279804
y1_t0 y2_t5 y4_t7,0.03660661860003667
y1_t0 y2_t5 y4_t6,0.03660661860003667
y1_t1 y2_t4 y4_t7,0.03660661860003667
y1_t1 y2_t4 y4_t6,0.03660661860003667
y1_t0 y2_t4 y4_t7,0.03660661860003667
y1_t1 y2_t5 y4_t6,0.03660661860003667
y1_t1 y2_t5 y4_t7,0.03660661860003667
y1_t0 y2_t4 y4_t6,0.03660661860003667
y1_t1 y3_t1 y2_t5,-0.03656795186489502
y1_t0 y3_t1 y2_t5,-0.03656795186489502
y1_t0 y3_t0 y2_t4,-0.03656795186489502
y1_t1 y3_t1 y2_t4,-0.03656795186489502
y1_t0 y3_t0 y2_t5,-0.03656795186489502
y1_t0 y3_t1 y2_t4,-0.03656795186489502
y3_t0 y1_t1 y2_t5,-0.03656795186489492
y3_t0 y1_t1 y2_t4,-0.03656795186489492
y2_t3 y3_t4 y4_t7,0.03654616145527079
y2_t2 y3_t5 y4_t7,0.03654616145527079
y2_t2 y3_t4 y4_t6,0.03654616145527079
y2_t2 y3_t5 y4_t6,0.03654616145527079
y2_t3 y3_t5 y4_t7,0.03654616145527079
y2_t3 y3_t5 y4_t6,0.03654616145527079
y2_t2 y3_t4 y4_t7,0.03654616145527079
y2_t3 y3_t4 y4_t6,0.03654616145527079
y1_t3 y3_t3 y3_t4,-0.03638242291110699
y1_t2 y3_t3 y3_t4,-0.03638242291110699
y1_t3 y3_t3 y3_t5,-0.03638242291110699
y1_t2 y3_t2 y3_t5,-0.03638242291110699
y1_t2 y3_t2 y3_t4,-0.03638242291110699
y1_t2 y3_t3 y3_t5,-0.03638242291110699
y3_t2 y1_t3 y3_t5,-0.03638242291110694
y3_t2 y1_t3 y3_t4,-0.03638242291110694
y1_t4 y2_t6,-0.03611066954326138
y1_t4 y2_t7,-0.03611066954326138
y1_t5 y2_t6,-0.03611066954326138
y1_t5 y2_t7,-0.03611066954326138
y3_t0 y3_t4 y3_t5,-0.03608328268496519
y3_t0 y3_t4^2,-0.03608328268496519
y3_t1 y3_t4 y3_t5,-0.03608328268496519
y3_t0 y3_t5^2,-0.03608328268496519
y3_t1 y3_t4^2,-0.03608328268496519
y3_t1 y3_t5^2,-0.03608328268496519
y4_t6 y2_t7 y4_t7,-0.036081035560089424
y4_t6^2 y2_t7,-0.036081035560089424
y2_t6 y4_t7^2,-0.03608103556008938
y2_t6 y4_t6 y4_t7,-0.03608103556008938
y2_t6 y4_t6^2,-0.03608103556008938
y2_t7 y4_t7^2,-0.03608103556008938
y2_t1 y1_t6 y2_t6,-0.03592735648259236
y2_t0 y2_t6 y1_t7,-0.03592735648259236
y2_t1 y1_t6 y2_t7,-0.03592735648259236
y2_t1 y2_t6 y1_t7,-0.03592735648259236
y2_t1 y1_t7 y2_t7,-0.03592735648259236
y2_t0 y1_t7 y2_t7,-0.03592735648259236
y2_t0 y1_t6 y2_t7,-0.03592735648259236
y2_t0 y1_t6 y2_t6,-0.03592735648259236
y2_t0 y3_t0 y4_t2,0.03591328269481964
y2_t0 y3_t0 y4_t3,0.03591328269481964
y2_t1 y3_t1 y4_t3,0.03591328269481964
y2_t1 y3_t1 y4_t2,0.03591328269481964
y2_t0 y3_t1 y4_t3,0.03591328269481964
y2_t0 y3_t1 y4_t2,0.03591328269481964
y3_t0 y2_t1 y4_t2,0.03591328269481962
y3_t0 y2_t1 y4_t3,0.03591328269481962
y4_t0 y3_t2 y1_t5,0.03540828561208708
y4_t1 y3_t3 y1_t5,0.03540828561208708
y4_t0 y3_t3 y1_t4,0.03540828561208708
y4_t0 y3_t3 y1_t5,0.03540828561208708
y4_t1 y3_t2 y1_t5,0.03540828561208708
y4_t0 y3_t2 y1_t4,0.03540828561208708
y4_t1 y3_t2 y1_t4,0.03540828561208708
y4_t1 y3_t3 y1_t4,0.03540828561208708
y1_t4 y1_t7 y2_t7,-0.03538959655935946
y1_t4 y2_t6 y1_t7,-0.03538959655935946
y1_t5 y2_t6 y1_t7,-0.03538959655935946
y1_t5 y1_t6 y2_t6,-0.03538959655935946
y1_t5 y1_t7 y2_t7,-0.03538959655935946
y1_t4 y1_t6 y2_t6,-0.03538959655935946
y1_t4 y1_t6 y2_t7,-0.03538959655935946
y1_t5 y1_t6 y2_t7,-0.03538959655935946
y4_t0 y3_t4 y2_t5,-0.03521738800227783
y4_t0 y2_t4 y3_t4,-0.03521738800227783
y4_t1 y2_t5 y3_t5,-0.03521738800227783
y4_t1 y2_t4 y3_t4,-0.03521738800227783
y4_t1 y2_t4 y3_t5,-0.03521738800227783
y4_t1 y3_t4 y2_t5,-0.03521738800227783
y4_t0 y2_t5 y3_t5,-0.03521738800227783
y4_t0 y2_t4 y3_t5,-0.03521738800227783
y2_t4 y3_t6 y4_t6,-0.03515983614125309
y2_t4 y3_t7 y4_t7,-0.03515983614125309
y2_t4 y4_t6 y3_t7,-0.03515983614125309
y2_t5 y3_t7 y4_t7,-0.03515983614125309
y2_t5 y3_t6 y4_t6,-0.03515983614125309
y2_t4 y3_t6 y4_t7,-0.03515983614125309
y2_t5 y3_t6 y4_t7,-0.03515983614125309
y2_t5 y4_t6 y3_t7,-0.03515983614125309
y2_t4 y1_t5 y4_t6,0.03461451979753668
y1_t4 y2_t4 y4_t6,0.03461451979753668
y1_t5 y2_t5 y4_t6,0.03461451979753668
y1_t4 y2_t4 y4_t7,0.03461451979753668
y1_t5 y2_t5 y4_t7,0.03461451979753668
y1_t4 y2_t5 y4_t7,0.03461451979753668
y1_t4 y2_t5 y4_t6,0.03461451979753668
y2_t4 y1_t5 y4_t7,0.03461451979753668
y3_t0 y2_t4 y4_t4,0.03459743287073913
y3_t1 y4_t4 y2_t5,0.03459743287073913
y3_t0 y2_t4 y4_t5,0.03459743287073913
y3_t1 y2_t4 y4_t4,0.03459743287073913
y3_t1 y2_t4 y4_t5,0.03459743287073913
y3_t0 y4_t4 y2_t5,0.03459743287073913
y3_t1 y2_t5 y4_t5,0.03459743287073913
y3_t0 y2_t5 y4_t5,0.03459743287073913
y4_t1 y1_t4 y3_t6,-0.03450674623687558
y4_t1 y1_t5 y3_t6,-0.034506746236875434
y4_t1 y1_t4 y3_t7,-0.034506746236875434
y4_t0 y1_t5 y3_t7,-0.034506746236875434
y4_t0 y1_t4 y3_t7,-0.034506746236875434
y4_t0 y1_t4 y3_t6,-0.034506746236875434
y4_t1 y1_t5 y3_t7,-0.034506746236875434
y4_t0 y1_t5 y3_t6,-0.034506746236875434
y1_t0 y2_t3 y2_t4,-0.03424206820974321
y1_t1 y2_t3 y2_t4,-0.03424206820974321
y1_t0 y2_t2 y2_t4,-0.03424206820974321
y1_t1 y2_t3 y2_t5,-0.03424206820974321
y1_t0 y2_t2 y2_t5,-0.03424206820974321
y1_t1 y2_t2 y2_t5,-0.03424206820974321
y1_t1 y2_t2 y2_t4,-0.03424206820974321
y1_t0 y2_t3 y2_t5,-0.03424206820974321
y1_t1 y3_t3 y3_t5,-0.033871104314837475
y1_t1 y3_t3 y3_t4,-0.033871104314837364
y1_t0 y3_t3 y3_t4,-0.033871104314837364
y1_t0 y3_t3 y3_t5,-0.033871104314837364
y1_t0 y3_t2 y3_t4,-0.033871104314837364
y1_t0 y3_t2 y3_t5,-0.033871104314837364
y1_t1 y3_t2 y3_t5,-0.033871104314837364
y1_t1 y3_t2 y3_t4,-0.033871104314837364
y2_t2^2 y2_t7,0.033813157197051635
y2_t2 y2_t3 y2_t7,0.033813157197051635
y2_t2 y2_t3 y2_t6,0.033813157197051635
y2_t2^2 y2_t6,0.033813157197051635
y2_t3^2 y2_t6,0.033813157197051635
y2_t3^2 y2_t7,0.033813157197051635
y2_t1^2 y2_t4,0.03374138868237431
y2_t1^2 y2_t5,0.03374138868237431
y2_t0^2 y2_t5,0.03374138868237431
y2_t0 y2_t1 y2_t5,0.03374138868237431
y2_t0 y2_t1 y2_t4,0.03374138868237431
y2_t0^2 y2_t4,0.03374138868237431
y4_t0 y3_t1 y1_t2,-0.03371129310022816
y4_t0 y3_t1 y1_t3,-0.03371129310022816
y3_t1 y4_t1 y1_t3,-0.03371129310022815
y3_t0 y4_t0 y1_t3,-0.03371129310022815
y3_t0 y4_t0 y1_t2,-0.03371129310022815
y3_t0 y4_t1 y1_t2,-0.03371129310022815
y3_t0 y4_t1 y1_t3,-0.03371129310022815
y3_t1 y4_t1 y1_t2,-0.03371129310022815
y3_t0 y3_t7 y4_t7,-0.03365295926192263
y3_t0 y4_t6 y3_t7,-0.03365295926192263
y3_t0 y3_t6 y4_t7,-0.03365295926192263
y3_t1 y3_t6 y4_t6,-0.03365295926192263
y3_t1 y4_t6 y3_t7,-0.03365295926192263
y3_t1 y3_t6 y4_t7,-0.03365295926192263
y3_t0 y3_t6 y4_t6,-0.03365295926192263
y3_t1 y3_t7 y4_t7,-0.03365295926192263
y3_t0 y1_t2,-0.033605434550624896
y3_t0 y1_t3,-0.033605434550624896
y3_t1 y1_t3,-0.033605434550624896
y3_t1 y1_t2,-0.033605434550624896
y2_t2 y4_t5 y3_t6,-0.03327965404007602
y2_t3 y4_t5 y3_t6,-0.03327965404007602
y2_t2 y4_t4 y3_t7,-0.03327965404007602
y2_t3 y4_t4 y3_t7,-0.03327965404007602
y2_t2 y4_t5 y3_t7,-0.03327965404007602
y2_t3 y4_t4 y3_t6,-0.03327965404007602
y2_t2 y4_t4 y3_t6,-0.03327965404007602
y2_t3 y4_t5 y3_t7,-0.03327965404007602
y2_t3 y3_t5,-0.03325142664305204
y2_t2 y3_t5,-0.03325142664305204
y2_t2 y3_t4,-0.03325142664305204
y2_t3 y3_t4,-0.03325142664305204
y3_t1 y2_t4 y1_t5,0.0330413839143226
y3_t0 y1_t4 y2_t4,0.0330413839143226
y3_t0 y1_t5 y2_t5,0.0330413839143226
y3_t1 y1_t5 y2_t5,0.0330413839143226
y3_t1 y1_t4 y2_t4,0.0330413839143226
y3_t1 y1_t4 y2_t5,0.0330413839143226
y3_t0 y1_t4 y2_t5,0.0330413839143226
y3_t0 y2_t4 y1_t5,0.0330413839143226
y2_t0 y2_t4 y1_t5,-0.03301693315982418
y2_t1 y1_t4 y2_t4,-0.03301693315982418
y2_t1 y2_t4 y1_t5,-0.03301693315982418
y2_t0 y1_t5 y2_t5,-0.03301693315982418
y2_t0 y1_t4 y2_t4,-0.03301693315982418
y2_t0 y1_t4 y2_t5,-0.03301693315982418
y2_t1 y1_t4 y2_t5,-0.03301693315982418
y2_t1 y1_t5 y2_t5,-0.03301693315982418
y2_t4 y4_t4 y3_t5,-0.03293725634066311
y2_t5 y3_t5 y4_t5,-0.03293725634066311
y4_t4 y2_t5 y3_t5,-0.03293725634066311
y2_t4 y3_t5 y4_t5,-0.03293725634066311
y3_t4 y2_t5 y4_t5,-0.03293725634066311
y2_t4 y3_t4 y4_t5,-0.03293725634066311
y3_t4 y4_t4 y2_t5,-0.03293725634066311
y2_t4 y3_t4 y4_t4,-0.03293725634066311
y4_t3 y3_t6 y3_t7,-0.03277860019028711
y4_t2 y3_t7^2,-0.03277860019028711
y4_t3 y3_t7^2,-0.03277860019028711
y4_t2 y3_t6 y3_t7,-0.03277860019028711
y4_t2 y3_t6^2,-0.03277860019028711
y4_t3 y3_t6^2,-0.03277860019028711
y2_t0 y2_t7 y4_t7,0.03275678585585564
y2_t0 y2_t6 y4_t7,0.03275678585585564
y2_t0 y2_t6 y4_t6,0.03275678585585564
y2_t0 y4_t6 y2_t7,0.03275678585585564
y2_t1 y2_t7 y4_t7,0.03275678585585564
y2_t1 y2_t6 y4_t6,0.03275678585585564
y2_t1 y4_t6 y2_t7,0.03275678585585564
y2_t1 y2_t6 y4_t7,0.03275678585585564
y3_t2 y2_t4 y1_t7,0.032734231783368685
y3_t3 y2_t4 y1_t7,0.032734231783368685
y3_t3 y2_t5 y1_t7,0.032734231783368685
y3_t3 y2_t5 y1_t6,0.032734231783368685
y3_t2 y2_t5 y1_t6,0.032734231783368685
y3_t2 y2_t5 y1_t7,0.032734231783368685
y3_t3 y2_t4 y1_t6,0.032734231783368685
y3_t2 y2_t4 y1_t6,0.032734231783368685
y4_t2 y2_t3 y4_t3,0.032621950881874834
y4_t2^2 y2_t3,0.032621950881874834
y2_t2 y4_t2^2,0.032621950881874695
y2_t2 y4_t3^2,0.032621950881874695
y2_t2 y4_t2 y4_t3,0.032621950881874695
y2_t3 y4_t3^2,0.032621950881874695
y4_t1 y3_t2 y2_t3,-0.03259288124590049
y4_t1 y2_t3 y3_t3,-0.03259288124590049
y4_t0 y2_t3 y3_t3,-0.03259288124590049
y4_t1 y2_t2 y3_t3,-0.03259288124590049
y4_t0 y2_t2 y3_t3,-0.03259288124590049
y4_t0 y2_t2 y3_t2,-0.03259288124590049
y4_t0 y3_t2 y2_t3,-0.03259288124590049
y4_t1 y2_t2 y3_t2,-0.03259288124590049
y1_t3 y2_t4 y3_t6,0.03254238057742223
y1_t3 y2_t4 y3_t7,0.03254238057742223
y1_t3 y2_t5 y3_t7,0.03254238057742223
y1_t2 y2_t5 y3_t6,0.03254238057742223
y1_t2 y2_t4 y3_t7,0.03254238057742223
y1_t3 y2_t5 y3_t6,0.03254238057742223
y1_t2 y2_t5 y3_t7,0.03254238057742223
y1_t2 y2_t4 y3_t6,0.03254238057742223
y4_t3 y3_t4^2,-0.03237522729709519
y4_t3 y3_t4 y3_t5,-0.03237522729709519
y4_t2 y3_t5^2,-0.03237522729709519
y4_t2 y3_t4^2,-0.03237522729709519
y4_t3 y3_t5^2,-0.03237522729709519
y4_t2 y3_t4 y3_t5,-0.03237522729709519
y4_t2 y2_t5 y2_t7,-0.03216996186879023
y4_t2 y2_t4 y2_t6,-0.03216996186879023
y4_t3 y2_t5 y2_t7,-0.03216996186879023
y4_t3 y2_t5 y2_t6,-0.03216996186879023
y4_t2 y2_t5 y2_t6,-0.03216996186879023
y4_t2 y2_t4 y2_t7,-0.03216996186879023
y4_t3 y2_t4 y2_t6,-0.03216996186879023
y4_t3 y2_t4 y2_t7,-0.03216996186879023
y2_t3 y3_t6 y4_t6,0.03216813699643281
y2_t3 y4_t6 y3_t7,0.03216813699643281
y2_t2 y4_t6 y3_t7,0.03216813699643281
y2_t3 y3_t7 y4_t7,0.03216813699643281
y2_t3 y3_t6 y4_t7,0.03216813699643281
y2_t2 y3_t7 y4_t7,0.03216813699643281
y2_t2 y3_t6 y4_t6,0.03216813699643281
y2_t2 y3_t6 y4_t7,0.03216813699643281
y4_t3 y3_t5 y3_t7,-0.0320470565104129
y4_t2 y3_t4 y3_t6,-0.0320470565104129
y4_t2 y3_t5 y3_t7,-0.0320470565104129
y4_t2 y3_t4 y3_t7,-0.0320470565104129
y4_t3 y3_t4 y3_t7,-0.0320470565104129
y4_t3 y3_t4 y3_t6,-0.0320470565104129
y4_t3 y3_t5 y3_t6,-0.0320470565104129
y4_t2 y3_t5 y3_t6,-0.0320470565104129
y2_t2 y3_t2,-0.03198339070479594
y2_t3 y3_t3,-0.03198339070479594
y3_t2 y2_t3,-0.03198339070479594
y2_t2 y3_t3,-0.03198339070479594
y2_t5 y2_t6 y4_t7,0.031955518329895405
y2_t5 y4_t6 y2_t7,0.031955518329895405
y2_t5 y2_t6 y4_t6,0.031955518329895405
y2_t4 y4_t6 y2_t7,0.031955518329895405
y2_t5 y2_t7 y4_t7,0.031955518329895405
y2_t4 y2_t6 y4_t7,0.031955518329895405
y2_t4 y2_t6 y4_t6,0.031955518329895405
y2_t4 y2_t7 y4_t7,0.031955518329895405
y3_t0 y3_t4 y3_t6,-0.03188749764573162
y3_t1 y3_t5 y3_t7,-0.03188749764573162
y3_t0 y3_t5 y3_t7,-0.03188749764573162
y3_t1 y3_t4 y3_t6,-0.03188749764573162
y3_t1 y3_t4 y3_t7,-0.03188749764573162
y3_t1 y3_t5 y3_t6,-0.03188749764573162
y3_t0 y3_t4 y3_t7,-0.03188749764573162
y3_t0 y3_t5 y3_t6,-0.03188749764573162
y2_t6 y2_t7,0.03183369070454968
y2_t7^2,0.03183369070454968
y2_t6^2,0.03183369070454968
y3_t3 y4_t5 y2_t6,0.03166034002152407
y3_t2 y4_t4 y2_t7,0.03166034002152407
y3_t2 y4_t4 y2_t6,0.03166034002152407
y3_t3 y4_t5 y2_t7,0.03166034002152407
y3_t3 y4_t4 y2_t6,0.03166034002152407
y3_t3 y4_t4 y2_t7,0.03166034002152407
y3_t2 y4_t5 y2_t7,0.03166034002152407
y3_t2 y4_t5 y2_t6,0.03166034002152407
y2_t0 y2_t4^2,-0.031561951210857475
y2_t1 y2_t4 y2_t5,-0.031561951210857475
y2_t1 y2_t5^2,-0.031561951210857475
y2_t0 y2_t4 y2_t5,-0.031561951210857475
y2_t0 y2_t5^2,-0.031561951210857475
y2_t1 y2_t4^2,-0.031561951210857475
y3_t1 y2_t2 y3_t3,0.031503874344218696
y3_t0 y3_t2 y2_t3,0.031503874344218696
y3_t1 y2_t3 y3_t3,0.031503874344218696
y3_t1 y2_t2 y3_t2,0.031503874344218696
y3_t0 y2_t2 y3_t3,0.031503874344218696
y3_t0 y2_t2 y3_t2,0.031503874344218696
y3_t0 y2_t3 y3_t3,0.031503874344218696
y3_t1 y3_t2 y2_t3,0.031503874344218696
y2_t0^2 y3_t3,0.031189691105905012
y2_t1^2 y3_t2,0.031189691105905012
y2_t0 y2_t1 y3_t3,0.031189691105905012
y2_t0^2 y3_t2,0.031189691105905012
y2_t1^2 y3_t3,0.031189691105905012
y2_t0 y2_t1 y3_t2,0.031189691105905012
y1_t1 y2_t4,0.031178223320264035
y1_t0 y2_t4,0.031178223320264035
y1_t0 y2_t5,0.031178223320264035
y1_t1 y2_t5,0.031178223320264035
y1_t0 y4_t5 y1_t6,-0.03086858958524069
y1_t1 y4_t5 y1_t6,-0.03086858958524069
y1_t1 y4_t5 y1_t7,-0.03086858958524069
y1_t0 y4_t4 y1_t6,-0.03086858958524069
y1_t0 y4_t5 y1_t7,-0.03086858958524069
y1_t0 y4_t4 y1_t7,-0.03086858958524069
y1_t1 y4_t4 y1_t6,-0.03086858958524069
y1_t1 y4_t4 y1_t7,-0.03086858958524069
y1_t1 y4_t3 y1_t4,0.030345473329300376
y1_t0 y4_t2 y1_t4,0.030345473329300376
y1_t0 y4_t2 y1_t5,0.030345473329300376
y1_t0 y4_t3 y1_t5,0.030345473329300376
y1_t1 y4_t2 y1_t5,0.030345473329300376
y1_t0 y4_t3 y1_t4,0.030345473329300376
y1_t1 y4_t2 y1_t4,0.030345473329300376
y1_t1 y4_t3 y1_t5,0.030345473329300376
y1_t0 y2_t5 y3_t7,0.030191358792518497
y1_t1 y2_t4 y3_t6,0.030191358792518497
y1_t1 y2_t5 y3_t7,0.030191358792518497
y1_t0 y2_t4 y3_t7,0.030191358792518497
y1_t0 y2_t4 y3_t6,0.030191358792518497
y1_t1 y2_t4 y3_t7,0.030191358792518497
y1_t0 y2_t5 y3_t6,0.030191358792518497
y1_t1 y2_t5 y3_t6,0.030191358792518497
y4_t2 y3_t3 y4_t6,0.03002742058765623
y4_t2 y3_t3 y4_t7,0.03002742058765623
y3_t2 y4_t3 y4_t7,0.030027420587656145
y3_t2 y4_t2 y4_t6,0.030027420587656145
y3_t3 y4_t3 y4_t6,0.030027420587656145
y3_t2 y4_t2 y4_t7,0.030027420587656145
y3_t2 y4_t3 y4_t6,0.030027420587656145
y3_t3 y4_t3 y4_t7,0.030027420587656145
y3_t0 y2_t2 y1_t6,-0.030021970205515523
y3_t1 y2_t2 y1_t7,-0.030021970205515523
y3_t1 y2_t3 y1_t7,-0.030021970205515523
y3_t1 y2_t2 y1_t6,-0.030021970205515523
y3_t0 y2_t3 y1_t6,-0.030021970205515523
y3_t0 y2_t2 y1_t7,-0.030021970205515523
y3_t0 y2_t3 y1_t7,-0.030021970205515523
y3_t1 y2_t3 y1_t6,-0.030021970205515523
y4_t3 y2_t5 y4_t7,-0.029960559738997583
y4_t2 y2_t5 y4_t6,-0.029960559738997583
y4_t3 y2_t4 y4_t6,-0.029960559738997583
y4_t2 y2_t5 y4_t7,-0.029960559738997583
y4_t3 y2_t5 y4_t6,-0.029960559738997583
y4_t3 y2_t4 y4_t7,-0.029960559738997583
y4_t2 y2_t4 y4_t7,-0.029960559738997583
y4_t2 y2_t4 y4_t6,-0.029960559738997583
y4_t0 y4_t4 y2_t6,-0.029763839795055702
y4_t0 y4_t5 y2_t7,-0.029763839795055702
y4_t1 y4_t4 y2_t7,-0.029763839795055702
y4_t1 y4_t4 y2_t6,-0.029763839795055702
y4_t0 y4_t5 y2_t6,-0.029763839795055702
y4_t1 y4_t5 y2_t6,-0.029763839795055702
y4_t1 y4_t5 y2_t7,-0.029763839795055702
y4_t0 y4_t4 y2_t7,-0.029763839795055702
y3_t1 y1_t4 y3_t7,0.029714077461382528
y3_t0 y1_t5 y3_t6,0.029714077461382528
y3_t0 y1_t5 y3_t7,0.029714077461382528
y3_t0 y1_t4 y3_t7,0.029714077461382528
y3_t1 y1_t4 y3_t6,0.029714077461382528
y3_t0 y1_t4 y3_t6,0.029714077461382528
y3_t1 y1_t5 y3_t6,0.029714077461382528
y3_t1 y1_t5 y3_t7,0.029714077461382528
y3_t0 y4_t3 y4_t6,0.029589875026106854
y3_t1 y4_t2 y4_t7,0.029589875026106854
y3_t0 y4_t3 y4_t7,0.029589875026106854
y3_t1 y4_t2 y4_t6,0.029589875026106854
y3_t1 y4_t3 y4_t6,0.029589875026106854
y3_t0 y4_t2 y4_t6,0.029589875026106854
y3_t0 y4_t2 y4_t7,0.029589875026106854
y3_t1 y4_t3 y4_t7,0.029589875026106854
y3_t4^2 y3_t7,-0.02941736730662453
y3_t4 y3_t5 y3_t6,-0.02941736730662453
y3_t4^2 y3_t6,-0.02941736730662453
y3_t5^2 y3_t7,-0.02941736730662453
y3_t5^2 y3_t6,-0.02941736730662453
y3_t4 y3_t5 y3_t7,-0.02941736730662453
y1_t0 y3_t0,-0.029327362074380657
y1_t0 y3_t1,-0.029327362074380657
y1_t1 y3_t1,-0.029327362074380657
y3_t0 y1_t1,-0.029327362074380657
y2_t3 y3_t5 y4_t5,-0.029148871338799398
y2_t3 y3_t4 y4_t5,-0.029148871338799398
y2_t2 y4_t4 y3_t5,-0.029148871338799398
y2_t3 y4_t4 y3_t5,-0.029148871338799398
y2_t2 y3_t4 y4_t4,-0.029148871338799398
y2_t3 y3_t4 y4_t4,-0.029148871338799398
y2_t2 y3_t5 y4_t5,-0.029148871338799398
y2_t2 y3_t4 y4_t5,-0.029148871338799398
y3_t2 y4_t2 y2_t6,-0.028820714218166163
y3_t2 y4_t2 y2_t7,-0.028820714218166163
y3_t3 y4_t3 y2_t6,-0.028820714218166163
y4_t2 y3_t3 y2_t7,-0.028820714218166163
y3_t3 y4_t3 y2_t7,-0.028820714218166163
y4_t2 y3_t3 y2_t6,-0.028820714218166163
y3_t2 y4_t3 y2_t6,-0.028820714218166163
y3_t2 y4_t3 y2_t7,-0.028820714218166163
y2_t1 y3_t4,0.028669777201741006
y2_t0 y3_t5,0.028669777201741006
y2_t0 y3_t4,0.028669777201741006
y2_t1 y3_t5,0.028669777201741006
y1_t0 y4_t1 y1_t7,-0.028266627856693975
y1_t0 y4_t1 y1_t6,-0.028266627856693975
y1_t0 y4_t0 y1_t7,-0.028266627856693975
y1_t1 y4_t1 y1_t6,-0.028266627856693975
y1_t1 y4_t1 y1_t7,-0.028266627856693975
y1_t0 y4_t0 y1_t6,-0.028266627856693975
y4_t0 y1_t1 y1_t7,-0.028266627856693975
y4_t0 y1_t1 y1_t6,-0.028266627856693975
y4_t1 y2_t3 y4_t5,0.027827423194606696
y4_t0 y2_t3 y4_t5,0.027827423194606696
y4_t0 y2_t2 y4_t4,0.027827423194606696
y4_t0 y2_t2 y4_t5,0.027827423194606696
y4_t0 y2_t3 y4_t4,0.027827423194606696
y4_t1 y2_t3 y4_t4,0.027827423194606696
y4_t1 y2_t2 y4_t5,0.027827423194606696
y4_t1 y2_t2 y4_t4,0.027827423194606696
y2_t3 y4_t4 y1_t6,-0.027565230719756438
y2_t2 y4_t4 y1_t6,-0.027565230719756438
y2_t2 y4_t5 y1_t7,-0.027565230719756438
y2_t2 y4_t5 y1_t6,-0.027565230719756438
y2_t3 y4_t5 y1_t6,-0.027565230719756438
y2_t3 y4_t4 y1_t7,-0.027565230719756438
y2_t2 y4_t4 y1_t7,-0.027565230719756438
y2_t3 y4_t5 y1_t7,-0.027565230719756438
y2_t0 y4_t1 y1_t4,0.027499989767008612
y2_t1 y4_t1 y1_t4,0.027499989767008612
y2_t0 y4_t1 y1_t5,0.027499989767008612
y2_t0 y4_t0 y1_t5,0.027499989767008612
y2_t0 y4_t0 y1_t4,0.027499989767008612
y2_t1 y4_t1 y1_t5,0.027499989767008612
y4_t0 y2_t1 y1_t5,0.027499989767008515
y4_t0 y2_t1 y1_t4,0.027499989767008515
y1_t2 y2_t3 y3_t5,-0.027259342831872424
y1_t2 y2_t2 y3_t5,-0.027259342831872424
y1_t3 y2_t3 y3_t5,-0.027259342831872424
y2_t2 y1_t3 y3_t5,-0.027259342831872424
y1_t3 y2_t3 y3_t4,-0.027259342831872424
y1_t2 y2_t3 y3_t4,-0.027259342831872424
y1_t2 y2_t2 y3_t4,-0.027259342831872424
y2_t2 y1_t3 y3_t4,-0.027259342831872424
y3_t0 y1_t5 y3_t5,0.027227448830234535
y3_t1 y1_t4 y3_t5,0.027227448830234535
y3_t1 y1_t4 y3_t4,0.027227448830234535
y3_t0 y3_t4 y1_t5,0.027227448830234535
y3_t1 y1_t5 y3_t5,0.027227448830234535
y3_t0 y1_t4 y3_t4,0.027227448830234535
y3_t0 y1_t4 y3_t5,0.027227448830234535
y3_t1 y3_t4 y1_t5,0.027227448830234535
y2_t1 y2_t2^2,-0.026528746866821384
y2_t1 y2_t2 y2_t3,-0.026528746866821384
y2_t1 y2_t3^2,-0.026528746866821384
y2_t0 y2_t2 y2_t3,-0.026528746866821384
y2_t0 y2_t2^2,-0.026528746866821384
y2_t0 y2_t3^2,-0.026528746866821384
y2_t3 y3_t6,0.02639618564168137
y2_t2 y3_t7,0.02639618564168137
y2_t2 y3_t6,0.02639618564168137
y2_t3 y3_t7,0.02639618564168137
y3_t1 y4_t2 y2_t5,-0.026008406611431
y3_t1 y4_t2 y2_t4,-0.026008406611431
y3_t1 y4_t3 y2_t4,-0.026008406611431
y3_t0 y4_t3 y2_t5,-0.026008406611431
y3_t1 y4_t3 y2_t5,-0.026008406611431
y3_t0 y4_t2 y2_t5,-0.026008406611431
y3_t0 y4_t2 y2_t4,-0.026008406611431
y3_t0 y4_t3 y2_t4,-0.026008406611431
y2_t2 y2_t6 y3_t6,0.025894091799639824
y2_t2 y3_t6 y2_t7,0.025894091799639824
y2_t3 y2_t7 y3_t7,0.025894091799639824
y2_t3 y2_t6 y3_t6,0.025894091799639824
y2_t3 y3_t6 y2_t7,0.025894091799639824
y2_t3 y2_t6 y3_t7,0.025894091799639824
y2_t2 y2_t7 y3_t7,0.025894091799639824
y2_t2 y2_t6 y3_t7,0.025894091799639824
y2_t0 y3_t2 y3_t3,0.025576219923221566
y2_t1 y3_t2 y3_t3,0.025576219923221566
y2_t1 y3_t2^2,0.025576219923221566
y2_t0 y3_t3^2,0.025576219923221566
y2_t1 y3_t3^2,0.025576219923221566
y2_t0 y3_t2^2,0.025576219923221566
y2_t2^2,-0.025262927948239033
y2_t2 y2_t3,-0.025262927948239033
y2_t3^2,-0.025262927948239033
y2_t2 y1_t3 y4_t5,-0.02525722678933145
y2_t2 y1_t3 y4_t4,-0.02525722678933145
y1_t3 y2_t3 y4_t4,-0.025257226789331434
y1_t3 y2_t3 y4_t5,-0.025257226789331434
y1_t2 y2_t2 y4_t5,-0.025257226789331434
y1_t2 y2_t3 y4_t4,-0.025257226789331434
y1_t2 y2_t3 y4_t5,-0.025257226789331434
y1_t2 y2_t2 y4_t4,-0.025257226789331434
y3_t5 y4_t6,0.025146199478689478
y3_t5 y4_t7,0.025146199478689478
y3_t4 y4_t7,0.025146199478689478
y3_t4 y4_t6,0.025146199478689478
y1_t1 y4_t3 y2_t6,-0.025115654011346245
y1_t1 y4_t2 y2_t6,-0.025115654011346245
y1_t0 y4_t3 y2_t6,-0.025115654011346245
y1_t1 y4_t2 y2_t7,-0.025115654011346245
y1_t0 y4_t3 y2_t7,-0.025115654011346245
y1_t0 y4_t2 y2_t6,-0.025115654011346245
y1_t0 y4_t2 y2_t7,-0.025115654011346245
y1_t1 y4_t3 y2_t7,-0.025115654011346245
y3_t4 y2_t5 y1_t6,0.024767240628012006
y3_t4 y2_t5 y1_t7,0.024767240628012006
y2_t5 y3_t5 y1_t6,0.024767240628011958
y2_t5 y3_t5 y1_t7,0.024767240628011958
y2_t4 y3_t4 y1_t7,0.024767240628011958
y2_t4 y3_t4 y1_t6,0.024767240628011958
y2_t4 y3_t5 y1_t6,0.024767240628011958
y2_t4 y3_t5 y1_t7,0.024767240628011958
y1_t3 y1_t4 y3_t4,0.02459118712806474
y1_t3 y1_t4 y3_t5,0.02459118712806474
y1_t2 y1_t5 y3_t5,0.02459118712806474
y1_t2 y1_t4 y3_t5,0.02459118712806474
y1_t3 y3_t4 y1_t5,0.02459118712806474
y1_t2 y1_t4 y3_t4,0.02459118712806474
y1_t3 y1_t5 y3_t5,0.02459118712806474
y1_t2 y3_t4 y1_t5,0.02459118712806474
y2_t0 y3_t3 y4_t3,0.02443195700798066
y2_t1 y4_t2 y3_t3,0.02443195700798066
y2_t1 y3_t2 y4_t3,0.02443195700798066
y2_t1 y3_t2 y4_t2,0.02443195700798066
y2_t0 y3_t2 y4_t2,0.02443195700798066
y2_t0 y4_t2 y3_t3,0.02443195700798066
y2_t1 y3_t3 y4_t3,0.02443195700798066
y2_t0 y3_t2 y4_t3,0.02443195700798066
y2_t4 y1_t5 y2_t7,-0.024384457988077757
y2_t4 y1_t5 y2_t6,-0.024384457988077757
y1_t5 y2_t5 y2_t6,-0.024384457988077646
y1_t4 y2_t4 y2_t6,-0.024384457988077646
y1_t5 y2_t5 y2_t7,-0.024384457988077646
y1_t4 y2_t5 y2_t7,-0.024384457988077646
y1_t4 y2_t4 y2_t7,-0.024384457988077646
y1_t4 y2_t5 y2_t6,-0.024384457988077646
y2_t0 y1_t4 y1_t5,-0.024002137674035078
y2_t0 y1_t4^2,-0.024002137674035078
y2_t1 y1_t5^2,-0.024002137674035078
y2_t0 y1_t5^2,-0.024002137674035078
y2_t1 y1_t4 y1_t5,-0.024002137674035078
y2_t1 y1_t4^2,-0.024002137674035078
y3_t3 y3_t6^2,-0.02400009219967858
y3_t3 y3_t7^2,-0.02400009219967858
y3_t3 y3_t6 y3_t7,-0.02400009219967858
y3_t2 y3_t6 y3_t7,-0.02400009219967858
y3_t2 y3_t6^2,-0.02400009219967858
y3_t2 y3_t7^2,-0.02400009219967858
y3_t4 y1_t6,0.023918494736090166
y3_t4 y1_t7,0.023918494736090166
y3_t5 y1_t6,0.023918494736090166
y3_t5 y1_t7,0.023918494736090166
y3_t0 y1_t1 y4_t1,-0.02376919493640081
y3_t0 y4_t0 y1_t1,-0.02376919493640081
y1_t0 y3_t0 y4_t1,-0.023769194936400728
y1_t1 y3_t1 y4_t1,-0.023769194936400728
y1_t0 y3_t1 y4_t1,-0.023769194936400728
y1_t0 y3_t0 y4_t0,-0.023769194936400728
y1_t0 y4_t0 y3_t1,-0.023769194936400728
y4_t0 y1_t1 y3_t1,-0.0237691949364007
y3_t1 y1_t5^2,-0.023643314423640913
y3_t0 y1_t4^2,-0.023643314423640913
y3_t1 y1_t4 y1_t5,-0.023643314423640913
y3_t0 y1_t4 y1_t5,-0.023643314423640913
y3_t1 y1_t4^2,-0.023643314423640913
y3_t0 y1_t5^2,-0.023643314423640913
y2_t0 y3_t6 y3_t7,0.02354053151131213
y2_t1 y3_t6^2,0.02354053151131213
y2_t1 y3_t6 y3_t7,0.02354053151131213
y2_t0 y3_t7^2,0.02354053151131213
y2_t0 y3_t6^2,0.02354053151131213
y2_t1 y3_t7^2,0.02354053151131213
y1_t3 y3_t4 y2_t5,-0.02343260950535428
y1_t3 y2_t4 y3_t5,-0.02343260950535428
y1_t3 y2_t5 y3_t5,-0.02343260950535428
y1_t3 y2_t4 y3_t4,-0.02343260950535428
y1_t2 y2_t5 y3_t5,-0.02343260950535428
y1_t2 y2_t4 y3_t5,-0.02343260950535428
y1_t2 y3_t4 y2_t5,-0.02343260950535428
y1_t2 y2_t4 y3_t4,-0.02343260950535428
y4_t1 y1_t6 y1_t7,0.02325633498446701
y4_t0 y1_t6^2,0.02325633498446701
y4_t0 y1_t7^2,0.02325633498446701
y4_t1 y1_t6^2,0.02325633498446701
y4_t1 y1_t7^2,0.02325633498446701
y4_t0 y1_t6 y1_t7,0.02325633498446701
y1_t0 y2_t3 y1_t6,-0.02295203570649758
y1_t1 y2_t3 y1_t7,-0.02295203570649758
y1_t1 y2_t2 y1_t6,-0.02295203570649758
y1_t0 y2_t2 y1_t7,-0.02295203570649758
y1_t1 y2_t3 y1_t6,-0.02295203570649758
y1_t0 y2_t3 y1_t7,-0.02295203570649758
y1_t0 y2_t2 y1_t6,-0.02295203570649758
y1_t1 y2_t2 y1_t7,-0.02295203570649758
y3_t1 y3_t2 y1_t4,0.02290890604671987
y3_t1 y3_t3 y1_t4,0.02290890604671987
y3_t0 y3_t2 y1_t5,0.02290890604671987
y3_t0 y3_t3 y1_t4,0.02290890604671987
y3_t1 y3_t2 y1_t5,0.02290890604671987
y3_t1 y3_t3 y1_t5,0.02290890604671987
y3_t0 y3_t3 y1_t5,0.02290890604671987
y3_t0 y3_t2 y1_t4,0.02290890604671987
y4_t3 y2_t4 y3_t7,-0.022872024759485965
y4_t2 y2_t5 y3_t7,-0.022872024759485965
y4_t2 y2_t5 y3_t6,-0.022872024759485965
y4_t3 y2_t4 y3_t6,-0.022872024759485965
y4_t2 y2_t4 y3_t7,-0.022872024759485965
y4_t2 y2_t4 y3_t6,-0.022872024759485965
y4_t3 y2_t5 y3_t7,-0.022872024759485965
y4_t3 y2_t5 y3_t6,-0.022872024759485965
y4_t4 y1_t6 y4_t7,0.022826941891563965
y4_t5 y4_t6 y1_t7,0.022826941891563965
y4_t5 y1_t7 y4_t7,0.022826941891563965
y4_t4 y4_t6 y1_t7,0.022826941891563965
y4_t4 y1_t7 y4_t7,0.022826941891563965
y4_t4 y1_t6 y4_t6,0.022826941891563965
y4_t5 y1_t6 y4_t7,0.022826941891563965
y4_t5 y1_t6 y4_t6,0.022826941891563965
y2_t3 y4_t4^2,-0.022461339062096464
y2_t3 y4_t4 y4_t5,-0.022461339062096464
y2_t2 y4_t4 y4_t5,-0.022461339062096464
y2_t2 y4_t5^2,-0.022461339062096464
y2_t2 y4_t4^2,-0.022461339062096464
y2_t3 y4_t5^2,-0.022461339062096464
y3_t1 y3_t2 y3_t4,0.022115665238603643
y3_t0 y3_t3 y3_t5,0.022115665238603643
y3_t0 y3_t2 y3_t5,0.022115665238603643
y3_t1 y3_t3 y3_t5,0.022115665238603643
y3_t1 y3_t2 y3_t5,0.022115665238603643
y3_t1 y3_t3 y3_t4,0.022115665238603643
y3_t0 y3_t2 y3_t4,0.022115665238603643
y3_t0 y3_t3 y3_t4,0.022115665238603643
y4_t3 y3_t4 y4_t7,0.022114569615753588
y4_t2 y3_t5 y4_t7,0.022114569615753588
y4_t2 y3_t5 y4_t6,0.022114569615753588
y4_t2 y3_t4 y4_t7,0.022114569615753588
y4_t3 y3_t4 y4_t6,0.022114569615753588
y4_t3 y3_t5 y4_t6,0.022114569615753588
y4_t3 y3_t5 y4_t7,0.022114569615753588
y4_t2 y3_t4 y4_t6,0.02211456961575331
y1_t0 y1_t6 y3_t7,-0.021948563644282965
y1_t0 y3_t6 y1_t7,-0.021948563644282965
y1_t1 y1_t7 y3_t7,-0.021948563644282965
y1_t1 y1_t6 y3_t7,-0.021948563644282965
y1_t0 y1_t7 y3_t7,-0.021948563644282965
y1_t1 y1_t6 y3_t6,-0.021948563644282965
y1_t0 y1_t6 y3_t6,-0.021948563644282965
y1_t1 y3_t6 y1_t7,-0.021948563644282965
y1_t1 y1_t2 y4_t3,0.02192599882596069
y1_t0 y1_t2 y4_t3,0.02192599882596069
y1_t1 y1_t3 y4_t3,0.02192599882596069
y1_t0 y1_t2 y4_t2,0.02192599882596069
y1_t1 y4_t2 y1_t3,0.02192599882596069
y1_t0 y4_t2 y1_t3,0.02192599882596069
y1_t0 y1_t3 y4_t3,0.02192599882596069
y1_t1 y1_t2 y4_t2,0.02192599882596069
y1_t0 y4_t2 y3_t3,0.021747072799395667
y1_t1 y3_t2 y4_t3,0.021747072799395667
y1_t0 y3_t3 y4_t3,0.021747072799395667
y1_t1 y3_t2 y4_t2,0.021747072799395667
y1_t1 y3_t3 y4_t3,0.021747072799395667
y1_t1 y4_t2 y3_t3,0.021747072799395667
y1_t0 y3_t2 y4_t2,0.021747072799395667
y1_t0 y3_t2 y4_t3,0.021747072799395667
y2_t2 y2_t5^2,-0.02167327990220924
y2_t3 y2_t5^2,-0.02167327990220924
y2_t2 y2_t4^2,-0.02167327990220924
y2_t3 y2_t4^2,-0.02167327990220924
y2_t3 y2_t4 y2_t5,-0.02167327990220924
y2_t2 y2_t4 y2_t5,-0.02167327990220924
y3_t1 y2_t4 y4_t6,0.02166435063817318
y3_t1 y2_t4 y4_t7,0.02166435063817318
y3_t1 y2_t5 y4_t7,0.02166435063817318
y3_t0 y2_t5 y4_t7,0.02166435063817318
y3_t0 y2_t5 y4_t6,0.02166435063817318
y3_t1 y2_t5 y4_t6,0.02166435063817318
y3_t0 y2_t4 y4_t6,0.02166435063817318
y3_t0 y2_t4 y4_t7,0.02166435063817318
y4_t3 y3_t6 y2_t7,0.02150343610373029
y4_t3 y2_t6 y3_t6,0.02150343610373029
y4_t2 y2_t6 y3_t7,0.02150343610373029
y4_t3 y2_t6 y3_t7,0.02150343610373029
y4_t3 y2_t7 y3_t7,0.02150343610373029
y4_t2 y3_t6 y2_t7,0.02150343610373029
y4_t2 y2_t6 y3_t6,0.02150343610373029
y4_t2 y2_t7 y3_t7,0.02150343610373029
y4_t0 y4_t1 y2_t7,0.021452499817242322
y4_t0^2 y2_t7,0.021452499817242177
y4_t1^2 y2_t6,0.021452499817242177
y4_t1^2 y2_t7,0.021452499817242177
y4_t0^2 y2_t6,0.021452499817242177
y4_t0 y4_t1 y2_t6,0.021452499817242177
y1_t3 y2_t5 y4_t6,0.02135006815671998
y1_t2 y2_t5 y4_t6,0.02135006815671998
y1_t2 y2_t4 y4_t7,0.02135006815671998
y1_t2 y2_t4 y4_t6,0.02135006815671998
y1_t2 y2_t5 y4_t7,0.02135006815671998
y1_t3 y2_t4 y4_t7,0.02135006815671998
y1_t3 y2_t4 y4_t6,0.02135006815671998
y1_t3 y2_t5 y4_t7,0.02135006815671998
y1_t2 y4_t5 y3_t6,0.021346824068674886
y1_t3 y4_t5 y3_t6,0.021346824068674886
y1_t2 y4_t4 y3_t6,0.021346824068674886
y1_t2 y4_t4 y3_t7,0.021346824068674886
y1_t3 y4_t4 y3_t7,0.021346824068674886
y1_t3 y4_t4 y3_t6,0.021346824068674886
y1_t2 y4_t5 y3_t7,0.021346824068674886
y1_t3 y4_t5 y3_t7,0.021346824068674886
y1_t0 y3_t3 y4_t4,-0.02133099538006144
y1_t1 y3_t3 y4_t4,-0.02133099538006144
y1_t0 y3_t2 y4_t4,-0.02133099538006144
y1_t1 y3_t2 y4_t4,-0.02133099538006144
y1_t0 y3_t2 y4_t5,-0.02133099538006144
y1_t0 y3_t3 y4_t5,-0.02133099538006144
y1_t1 y3_t2 y4_t5,-0.02133099538006144
y1_t1 y3_t3 y4_t5,-0.021330995380061377
y3_t3 y2_t6 y4_t6,0.021138640378257648
y3_t3 y2_t7 y4_t7,0.021138640378257648
y3_t2 y2_t7 y4_t7,0.021138640378257648
y3_t3 y4_t6 y2_t7,0.021138640378257648
y3_t3 y2_t6 y4_t7,0.021138640378257648
y3_t2 y4_t6 y2_t7,0.021138640378257648
y3_t2 y2_t6 y4_t6,0.021138640378257648
y3_t2 y2_t6 y4_t7,0.021138640378257648
y1_t1 y4_t4 y3_t5,-0.020983798145486315
y1_t1 y3_t4 y4_t5,-0.020983798145486315
y1_t0 y3_t4 y4_t4,-0.020983798145486315
y1_t1 y3_t4 y4_t4,-0.020983798145486315
y1_t0 y3_t5 y4_t5,-0.020983798145486315
y1_t0 y3_t4 y4_t5,-0.020983798145486315
y1_t0 y4_t4 y3_t5,-0.020983798145486315
y1_t1 y3_t5 y4_t5,-0.020983798145486315
y2_t2 y1_t6 y4_t6,0.02078586452897397
y2_t3 y1_t6 y4_t6,0.02078586452897397
y2_t3 y1_t6 y4_t7,0.02078586452897397
y2_t2 y1_t7 y4_t7,0.02078586452897397
y2_t3 y1_t7 y4_t7,0.02078586452897397
y2_t2 y4_t6 y1_t7,0.02078586452897397
y2_t2 y1_t6 y4_t7,0.02078586452897397
y2_t3 y4_t6 y1_t7,0.02078586452897397
y3_t2 y3_t3 y3_t6,-0.02077302296309469
y3_t2 y3_t3 y3_t7,-0.02077302296309469
y3_t3^2 y3_t7,-0.02077302296309469
y3_t2^2 y3_t7,-0.02077302296309469
y3_t2^2 y3_t6,-0.02077302296309469
y3_t3^2 y3_t6,-0.02077302296309469
y3_t1 y1_t2 y4_t6,-0.020155345860540144
y3_t1 y1_t3 y4_t6,-0.020155345860540144
y3_t1 y1_t3 y4_t7,-0.020155345860540144
y3_t0 y1_t3 y4_t6,-0.020155345860540144
y3_t1 y1_t2 y4_t7,-0.020155345860540144
y3_t0 y1_t3 y4_t7,-0.020155345860540144
y3_t0 y1_t2 y4_t6,-0.020155345860540144
y3_t0 y1_t2 y4_t7,-0.020155345860540144
y3_t0 y1_t1 y4_t2,0.019857422246296885
y3_t0 y1_t1 y4_t3,0.019857422246296885
y1_t1 y3_t1 y4_t3,0.019857422246296816
y1_t1 y3_t1 y4_t2,0.019857422246296816
y1_t0 y3_t0 y4_t2,0.019857422246296816
y1_t0 y3_t0 y4_t3,0.019857422246296816
y1_t0 y3_t1 y4_t3,0.019857422246296816
y1_t0 y3_t1 y4_t2,0.019857422246296816
y1_t4 y3_t4 y4_t4,0.019474112595931695
y4_t4 y1_t5 y3_t5,0.019474112595931695
y1_t4 y3_t4 y4_t5,0.019474112595931695
y1_t4 y3_t5 y4_t5,0.019474112595931695
y1_t4 y4_t4 y3_t5,0.019474112595931695
y1_t5 y3_t5 y4_t5,0.019474112595931695
y3_t4 y1_t5 y4_t5,0.019474112595931667
y3_t4 y4_t4 y1_t5,0.019474112595931667
y3_t4 y4_t5,0.019460991229951714
y3_t5 y4_t5,0.019460991229951714
y4_t4 y3_t5,0.019460991229951714
y3_t4 y4_t4,0.019460991229951714
y2_t0 y3_t2 y4_t4,-0.0194466571308902
y2_t1 y3_t3 y4_t4,-0.0194466571308902
y2_t1 y3_t3 y4_t5,-0.0194466571308902
y2_t1 y3_t2 y4_t5,-0.0194466571308902
y2_t0 y3_t3 y4_t4,-0.0194466571308902
y2_t0 y3_t3 y4_t5,-0.0194466571308902
y2_t1 y3_t2 y4_t4,-0.0194466571308902
y2_t0 y3_t2 y4_t5,-0.0194466571308902
y4_t2 y2_t3 y4_t6,0.019237883074604112
y4_t2 y2_t3 y4_t7,0.019237883074604112
y2_t2 y4_t2 y4_t6,0.019237883074604063
y2_t3 y4_t3 y4_t6,0.019237883074604063
y2_t2 y4_t2 y4_t7,0.019237883074604063
y2_t2 y4_t3 y4_t6,0.019237883074604063
y2_t3 y4_t3 y4_t7,0.019237883074604063
y2_t2 y4_t3 y4_t7,0.019237883074604063
y1_t1 y1_t4 y3_t4,-0.019229381388859504
y1_t1 y1_t4 y3_t5,-0.019229381388859504
y1_t0 y1_t4 y3_t4,-0.019229381388859504
y1_t1 y1_t5 y3_t5,-0.019229381388859504
y1_t1 y3_t4 y1_t5,-0.019229381388859504
y1_t0 y1_t5 y3_t5,-0.019229381388859504
y1_t0 y1_t4 y3_t5,-0.019229381388859504
y1_t0 y3_t4 y1_t5,-0.019229381388859504
y3_t2^2 y3_t5,-0.019125160263041896
y3_t2 y3_t3 y3_t5,-0.019125160263041896
y3_t2 y3_t3 y3_t4,-0.019125160263041896
y3_t2^2 y3_t4,-0.019125160263041896
y3_t3^2 y3_t4,-0.019125160263041896
y3_t3^2 y3_t5,-0.019125160263041896
y3_t2 y3_t5 y4_t7,-0.01910233288675922
y3_t3 y3_t4 y4_t7,-0.01910233288675922
y3_t3 y3_t4 y4_t6,-0.01910233288675922
y3_t2 y3_t4 y4_t7,-0.01910233288675922
y3_t3 y3_t5 y4_t6,-0.01910233288675922
y3_t2 y3_t4 y4_t6,-0.01910233288675922
y3_t2 y3_t5 y4_t6,-0.01910233288675922
y3_t3 y3_t5 y4_t7,-0.01910233288675922
y2_t1 y3_t1 y4_t7,-0.018992168529350692
y2_t0 y3_t1 y4_t6,-0.018992168529350692
y3_t0 y2_t1 y4_t6,-0.018992168529350692
y2_t0 y3_t0 y4_t7,-0.018992168529350692
y3_t0 y2_t1 y4_t7,-0.018992168529350692
y2_t0 y3_t1 y4_t7,-0.018992168529350692
y2_t1 y3_t1 y4_t6,-0.018992168529350692
y2_t0 y3_t0 y4_t6,-0.018992168529350692
y1_t2 y2_t2 y3_t2,-0.018962922665842416
y1_t2 y2_t2 y3_t3,-0.018962922665842416
y2_t2 y3_t2 y1_t3,-0.018962922665842416
y1_t2 y2_t3 y3_t3,-0.018962922665842416
y1_t3 y2_t3 y3_t3,-0.018962922665842416
y1_t2 y3_t2 y2_t3,-0.018962922665842416
y2_t2 y1_t3 y3_t3,-0.018962922665842416
y3_t2 y1_t3 y2_t3,-0.018962922665842416
y1_t0 y3_t4 y4_t7,0.018948686078447144
y1_t0 y3_t5 y4_t6,0.018948686078447144
y1_t0 y3_t5 y4_t7,0.018948686078447144
y1_t0 y3_t4 y4_t6,0.018948686078447144
y1_t1 y3_t5 y4_t7,0.018948686078447144
y1_t1 y3_t4 y4_t6,0.018948686078447144
y1_t1 y3_t4 y4_t7,0.018948686078447144
y1_t1 y3_t5 y4_t6,0.018948686078447144
y2_t3 y3_t3 y2_t4,0.018899397691409636
y2_t2 y3_t2 y2_t4,0.018899397691409636
y2_t3 y3_t3 y2_t5,0.018899397691409636
y2_t2 y3_t3 y2_t5,0.018899397691409636
y2_t2 y3_t3 y2_t4,0.018899397691409636
y3_t2 y2_t3 y2_t5,0.018899397691409636
y3_t2 y2_t3 y2_t4,0.018899397691409636
y2_t2 y3_t2 y2_t5,0.018899397691409636
y2_t0 y1_t1 y4_t2,0.01875978244311574
y2_t0 y1_t1 y4_t3,0.01875978244311574
y1_t1 y2_t1 y4_t2,0.0187597824431157
y1_t0 y2_t0 y4_t2,0.0187597824431157
y1_t0 y2_t0 y4_t3,0.0187597824431157
y1_t1 y2_t1 y4_t3,0.0187597824431157
y1_t0 y2_t1 y4_t2,0.0187597824431157
y1_t0 y2_t1 y4_t3,0.0187597824431157
y3_t2 y1_t3^2,-0.018700670134406794
y1_t2^2 y3_t2,-0.01870067013440674
y1_t2^2 y3_t3,-0.01870067013440674
y1_t2 y3_t2 y1_t3,-0.01870067013440674
y1_t3^2 y3_t3,-0.01870067013440674
y1_t2 y1_t3 y3_t3,-0.01870067013440674
y4_t3 y4_t5,-0.01856408648955489
y4_t3 y4_t4,-0.01856408648955489
y4_t2 y4_t5,-0.01856408648955489
y4_t2 y4_t4,-0.01856408648955489
y3_t1 y3_t3 y4_t3,0.018477297271174087
y3_t0 y3_t3 y4_t3,0.018477297271174087
y3_t1 y4_t2 y3_t3,0.018477297271174087
y3_t0 y3_t2 y4_t3,0.018477297271174087
y3_t0 y4_t2 y3_t3,0.018477297271174087
y3_t1 y3_t2 y4_t3,0.018477297271174087
y3_t1 y3_t2 y4_t2,0.018477297271174087
y3_t0 y3_t2 y4_t2,0.018477297271174087
y3_t0 y3_t1 y1_t5,0.018302176608926277
y3_t0^2 y1_t4,0.018302176608926277
y3_t0^2 y1_t5,0.018302176608926277
y3_t1^2 y1_t4,0.018302176608926277
y3_t1^2 y1_t5,0.018302176608926277
y3_t0 y3_t1 y1_t4,0.018302176608926277
y3_t0 y3_t6 y3_t7,-0.018179264183123267
y3_t0 y3_t6^2,-0.018179264183123267
y3_t1 y3_t7^2,-0.018179264183123267
y3_t0 y3_t7^2,-0.018179264183123267
y3_t1 y3_t6 y3_t7,-0.018179264183123267
y3_t1 y3_t6^2,-0.018179264183123267
y2_t1 y4_t2^2,0.018143885528144804
y2_t1 y4_t2 y4_t3,0.018143885528144804
y2_t0 y4_t3^2,0.018143885528144804
y2_t1 y4_t3^2,0.018143885528144804
y2_t0 y4_t2^2,0.018143885528144804
y2_t0 y4_t2 y4_t3,0.018143885528144804
y3_t0 y2_t3 y2_t7,-0.01802645372751338
y3_t1 y2_t2 y2_t7,-0.01802645372751338
y3_t1 y2_t3 y2_t7,-0.01802645372751338
y3_t1 y2_t3 y2_t6,-0.01802645372751338
y3_t0 y2_t2 y2_t7,-0.01802645372751338
y3_t1 y2_t2 y2_t6,-0.01802645372751338
y3_t0 y2_t3 y2_t6,-0.01802645372751338
y3_t0 y2_t2 y2_t6,-0.01802645372751338
y3_t0 y3_t2 y3_t7,0.017966436081986337
y3_t1 y3_t2 y3_t6,0.017966436081986337
y3_t1 y3_t3 y3_t7,0.017966436081986337
y3_t1 y3_t2 y3_t7,0.017966436081986337
y3_t0 y3_t2 y3_t6,0.017966436081986337
y3_t1 y3_t3 y3_t6,0.017966436081986337
y3_t0 y3_t3 y3_t6,0.017966436081986337
y3_t0 y3_t3 y3_t7,0.017966436081986337
y3_t1 y4_t2 y2_t6,-0.017874308796909863
y3_t0 y4_t3 y2_t6,-0.017874308796909863
y3_t0 y4_t3 y2_t7,-0.017874308796909863
y3_t1 y4_t3 y2_t6,-0.017874308796909863
y3_t1 y4_t3 y2_t7,-0.017874308796909863
y3_t1 y4_t2 y2_t7,-0.017874308796909863
y3_t0 y4_t2 y2_t7,-0.017874308796909863
y3_t0 y4_t2 y2_t6,-0.017874308796909863
y4_t0 y2_t4 y3_t6,-0.017868737007748145
y4_t0 y2_t4 y3_t7,-0.017868737007748145
y4_t0 y2_t5 y3_t7,-0.017868737007748145
y4_t1 y2_t5 y3_t7,-0.017868737007748145
y4_t1 y2_t5 y3_t6,-0.017868737007748145
y4_t1 y2_t4 y3_t7,-0.017868737007748145
y4_t0 y2_t5 y3_t6,-0.017868737007748145
y4_t1 y2_t4 y3_t6,-0.017868737007748145
y3_t5 y2_t7 y4_t7,0.017796777219412627
y3_t5 y4_t6 y2_t7,0.017796777219412627
y3_t5 y2_t6 y4_t7,0.017796777219412627
y3_t4 y4_t6 y2_t7,0.017796777219412627
y3_t4 y2_t6 y4_t7,0.017796777219412627
y3_t4 y2_t6 y4_t6,0.017796777219412627
y3_t4 y2_t7 y4_t7,0.017796777219412627
y3_t5 y2_t6 y4_t6,0.017796777219412627
y2_t1 y3_t1 y3_t6,0.017579469139368593
y2_t0 y3_t0 y3_t7,0.017579469139368593
y2_t1 y3_t1 y3_t7,0.017579469139368593
y2_t0 y3_t1 y3_t7,0.017579469139368593
y2_t0 y3_t0 y3_t6,0.017579469139368593
y2_t0 y3_t1 y3_t6,0.017579469139368593
y3_t0 y2_t1 y3_t7,0.017579469139368566
y3_t0 y2_t1 y3_t6,0.017579469139368566
y1_t2 y3_t5 y4_t5,0.017423250618662463
y1_t3 y4_t4 y3_t5,0.017423250618662463
y1_t2 y3_t4 y4_t5,0.017423250618662463
y1_t2 y3_t4 y4_t4,0.017423250618662463
y1_t3 y3_t5 y4_t5,0.017423250618662463
y1_t2 y4_t4 y3_t5,0.017423250618662463
y1_t3 y3_t4 y4_t4,0.017423250618662463
y1_t3 y3_t4 y4_t5,0.017423250618662463
y2_t5^2 y4_t7,-0.0173967200357672
y2_t4^2 y4_t6,-0.0173967200357672
y2_t4^2 y4_t7,-0.0173967200357672
y2_t4 y2_t5 y4_t6,-0.0173967200357672
y2_t5^2 y4_t6,-0.0173967200357672
y2_t4 y2_t5 y4_t7,-0.0173967200357672
y2_t2 y1_t6 y3_t7,0.017303247864854068
y2_t2 y1_t6 y3_t6,0.017303247864854068
y2_t3 y1_t6 y3_t6,0.017303247864854068
y2_t3 y1_t6 y3_t7,0.017303247864854068
y2_t3 y3_t6 y1_t7,0.017303247864854068
y2_t3 y1_t7 y3_t7,0.017303247864854068
y2_t2 y3_t6 y1_t7,0.017303247864854068
y2_t2 y1_t7 y3_t7,0.017303247864854068
y1_t1 y1_t3 y2_t7,-0.016980115228693013
y1_t0 y1_t2 y2_t7,-0.016980115228693013
y1_t1 y1_t2 y2_t7,-0.016980115228693013
y1_t0 y1_t3 y2_t7,-0.016980115228693013
y1_t0 y1_t2 y2_t6,-0.016980115228693013
y1_t0 y1_t3 y2_t6,-0.016980115228693013
y1_t1 y1_t2 y2_t6,-0.016980115228693013
y1_t1 y1_t3 y2_t6,-0.016980115228693013
y2_t2 y3_t3 y4_t3,0.016892984213538215
y3_t2 y4_t2 y2_t3,0.016892984213538215
y2_t3 y3_t3 y4_t3,0.016892984213538215
y2_t2 y3_t2 y4_t3,0.016892984213538215
y3_t2 y2_t3 y4_t3,0.016892984213538215
y4_t2 y2_t3 y3_t3,0.016892984213538215
y2_t2 y3_t2 y4_t2,0.016892984213538215
y2_t2 y4_t2 y3_t3,0.016892984213538215
y2_t0 y4_t3 y2_t4,-0.01670025980669374
y2_t0 y4_t2 y2_t5,-0.01670025980669374
y2_t0 y4_t3 y2_t5,-0.01670025980669374
y2_t1 y4_t2 y2_t5,-0.01670025980669374
y2_t1 y4_t2 y2_t4,-0.01670025980669374
y2_t1 y4_t3 y2_t4,-0.01670025980669374
y2_t0 y4_t2 y2_t4,-0.01670025980669374
y2_t1 y4_t3 y2_t5,-0.01670025980669374
y2_t2 y3_t2 y4_t7,0.016595757107609965
y2_t3 y3_t3 y4_t7,0.016595757107609965
y2_t3 y3_t3 y4_t6,0.016595757107609965
y2_t2 y3_t3 y4_t6,0.016595757107609965
y2_t2 y3_t2 y4_t6,0.016595757107609965
y2_t2 y3_t3 y4_t7,0.016595757107609965
y3_t2 y2_t3 y4_t6,0.016595757107609854
y3_t2 y2_t3 y4_t7,0.016595757107609854
y4_t1 y3_t2 y4_t2,0.01610262588066616
y4_t1 y3_t3 y4_t3,0.01610262588066616
y4_t1 y4_t2 y3_t3,0.01610262588066616
y4_t1 y3_t2 y4_t3,0.01610262588066616
y4_t0 y4_t2 y3_t3,0.01610262588066616
y4_t0 y3_t3 y4_t3,0.01610262588066616
y4_t0 y3_t2 y4_t2,0.01610262588066616
y4_t0 y3_t2 y4_t3,0.01610262588066616
y1_t4 y2_t5 y3_t5,-0.01576959090690907
y1_t4 y2_t4 y3_t4,-0.01576959090690907
y1_t4 y2_t4 y3_t5,-0.01576959090690907
y1_t5 y2_t5 y3_t5,-0.01576959090690907
y1_t4 y3_t4 y2_t5,-0.01576959090690907
y2_t4 y1_t5 y3_t5,-0.01576959090690904
y2_t4 y3_t4 y1_t5,-0.01576959090690904
y3_t4 y1_t5 y2_t5,-0.01576959090690904
y1_t2 y4_t2 y2_t5,-0.015760442803814112
y1_t2 y4_t3 y2_t5,-0.015760442803814112
y1_t3 y4_t3 y2_t5,-0.015760442803814112
y1_t2 y4_t3 y2_t4,-0.015760442803814112
y1_t3 y4_t3 y2_t4,-0.015760442803814112
y1_t2 y4_t2 y2_t4,-0.015760442803814112
y4_t2 y1_t3 y2_t4,-0.015760442803814095
y4_t2 y1_t3 y2_t5,-0.015760442803814095
y4_t1 y4_t4 y4_t6,0.01565064481952233
y4_t1 y4_t4 y4_t7,0.01565064481952233
y4_t1 y4_t5 y4_t6,0.01565064481952233
y4_t1 y4_t5 y4_t7,0.01565064481952233
y4_t0 y4_t4 y4_t7,0.01565064481952233
y4_t0 y4_t5 y4_t6,0.01565064481952233
y4_t0 y4_t5 y4_t7,0.01565064481952233
y4_t0 y4_t4 y4_t6,0.01565064481952233
y2_t1 y4_t3 y4_t5,-0.01564522813350898
y2_t1 y4_t2 y4_t5,-0.01564522813350898
y2_t0 y4_t3 y4_t4,-0.01564522813350898
y2_t0 y4_t3 y4_t5,-0.01564522813350898
y2_t0 y4_t2 y4_t5,-0.01564522813350898
y2_t1 y4_t2 y4_t4,-0.01564522813350898
y2_t1 y4_t3 y4_t4,-0.01564522813350898
y2_t0 y4_t2 y4_t4,-0.01564522813350898
y3_t0 y1_t3 y2_t5,-0.015603614109392809
y3_t0 y1_t3 y2_t4,-0.015603614109392809
y3_t0 y1_t2 y2_t5,-0.015603614109392809
y3_t1 y1_t2 y2_t5,-0.015603614109392809
y3_t1 y1_t3 y2_t5,-0.015603614109392809
y3_t1 y1_t2 y2_t4,-0.015603614109392809
y3_t1 y1_t3 y2_t4,-0.015603614109392809
y3_t0 y1_t2 y2_t4,-0.015603614109392809
y4_t0^2,0.015579816812523739
y4_t1^2,0.015579816812523739
y4_t0 y4_t1,0.015579816812523739
y2_t0 y3_t4 y4_t6,-0.015578747555887753
y2_t0 y3_t4 y4_t7,-0.015578747555887753
y2_t0 y3_t5 y4_t6,-0.015578747555887753
y2_t1 y3_t4 y4_t6,-0.015578747555887753
y2_t1 y3_t4 y4_t7,-0.015578747555887753
y2_t1 y3_t5 y4_t7,-0.015578747555887753
y2_t1 y3_t5 y4_t6,-0.015578747555887753
y2_t0 y3_t5 y4_t7,-0.015578747555887753
y1_t3 y2_t6 y3_t6,-0.015574942641756656
y1_t3 y2_t6 y3_t7,-0.015574942641756656
y1_t2 y2_t6 y3_t7,-0.015574942641756656
y1_t2 y3_t6 y2_t7,-0.015574942641756656
y1_t3 y3_t6 y2_t7,-0.015574942641756656
y1_t3 y2_t7 y3_t7,-0.015574942641756656
y1_t2 y2_t7 y3_t7,-0.015574942641756656
y1_t2 y2_t6 y3_t6,-0.015574942641756656
y3_t3 y2_t4 y2_t5,0.015556947122082887
y3_t3 y2_t5^2,0.015556947122082887
y3_t3 y2_t4^2,0.015556947122082887
y3_t2 y2_t4 y2_t5,0.015556947122082887
y3_t2 y2_t4^2,0.015556947122082887
y3_t2 y2_t5^2,0.015556947122082887
y2_t0^2 y3_t0,0.015515522644264196
y3_t0 y2_t1^2,0.01551552264426418
y2_t1^2 y3_t1,0.01551552264426418
y2_t0 y2_t1 y3_t1,0.01551552264426418
y2_t0^2 y3_t1,0.01551552264426418
y2_t0 y3_t0 y2_t1,0.01551552264426418
y4_t0 y1_t6 y2_t7,0.015502885195653723
y4_t0 y1_t6 y2_t6,0.015502885195653723
y4_t0 y2_t6 y1_t7,0.015502885195653723
y4_t1 y1_t7 y2_t7,0.015502885195653723
y4_t1 y2_t6 y1_t7,0.015502885195653723
y4_t0 y1_t7 y2_t7,0.015502885195653723
y4_t1 y1_t6 y2_t7,0.015502885195653723
y4_t1 y1_t6 y2_t6,0.015502885195653723
y4_t0 y2_t3 y1_t5,-0.015502078552346019
y4_t1 y2_t3 y1_t5,-0.015502078552346019
y4_t1 y2_t3 y1_t4,-0.015502078552346019
y4_t0 y2_t2 y1_t5,-0.015502078552346019
y4_t1 y2_t2 y1_t5,-0.015502078552346019
y4_t1 y2_t2 y1_t4,-0.015502078552346019
y4_t0 y2_t2 y1_t4,-0.015502078552346019
y4_t0 y2_t3 y1_t4,-0.015502078552346019
y3_t1 y3_t2 y4_t7,-0.015169468348220638
y3_t1 y3_t2 y4_t6,-0.015169468348220638
y3_t1 y3_t3 y4_t7,-0.015169468348220638
y3_t1 y3_t3 y4_t6,-0.015169468348220638
y3_t0 y3_t2 y4_t6,-0.015169468348220638
y3_t0 y3_t2 y4_t7,-0.015169468348220638
y3_t0 y3_t3 y4_t6,-0.015169468348220638
y3_t0 y3_t3 y4_t7,-0.015169468348220638
y4_t4^2 y1_t5,-0.014883170937354015
y1_t4 y4_t4^2,-0.014883170937354015
y1_t5 y4_t5^2,-0.014883170937354015
y1_t4 y4_t5^2,-0.014883170937354015
y4_t4 y1_t5 y4_t5,-0.014883170937354015
y1_t4 y4_t4 y4_t5,-0.014883170937354015
y2_t2 y4_t2,0.014739226878590708
y2_t3 y4_t3,0.014739226878590708
y4_t2 y2_t3,0.014739226878590708
y2_t2 y4_t3,0.014739226878590708
y2_t3 y1_t5 y2_t6,-0.013813879254537365
y2_t2 y1_t5 y2_t6,-0.013813879254537365
y2_t2 y1_t5 y2_t7,-0.013813879254537365
y2_t2 y1_t4 y2_t7,-0.013813879254537365
y2_t3 y1_t5 y2_t7,-0.013813879254537365
y2_t3 y1_t4 y2_t6,-0.013813879254537365
y2_t3 y1_t4 y2_t7,-0.013813879254537365
y2_t2 y1_t4 y2_t6,-0.013813879254537365
y4_t2 y1_t7 y4_t7,-0.013631148642572213
y4_t3 y1_t6 y4_t7,-0.013631148642572213
y4_t2 y1_t6 y4_t7,-0.013631148642572213
y4_t2 y4_t6 y1_t7,-0.013631148642572213
y4_t3 y1_t6 y4_t6,-0.013631148642572213
y4_t2 y1_t6 y4_t6,-0.013631148642572213
y4_t3 y1_t7 y4_t7,-0.013631148642572213
y4_t3 y4_t6 y1_t7,-0.013631148642572213
y2_t3 y1_t5 y3_t6,-0.013508219873969572
y2_t3 y1_t5 y3_t7,-0.013508219873969572
y2_t2 y1_t5 y3_t7,-0.013508219873969572
y2_t2 y1_t4 y3_t6,-0.013508219873969572
y2_t2 y1_t5 y3_t6,-0.013508219873969572
y2_t3 y1_t4 y3_t7,-0.013508219873969572
y2_t3 y1_t4 y3_t6,-0.013508219873969572
y2_t2 y1_t4 y3_t7,-0.013508219873969572
y2_t1 y2_t4 y4_t5,0.013375499134410622
y2_t0 y2_t5 y4_t5,0.013375499134410622
y2_t1 y2_t5 y4_t5,0.013375499134410622
y2_t1 y4_t4 y2_t5,0.013375499134410622
y2_t0 y4_t4 y2_t5,0.013375499134410622
y2_t1 y2_t4 y4_t4,0.013375499134410622
y2_t0 y2_t4 y4_t4,0.013375499134410622
y2_t0 y2_t4 y4_t5,0.013375499134410622
y1_t1 y2_t4 y4_t5,0.013357640075379568
y1_t0 y2_t5 y4_t5,0.013357640075379568
y1_t0 y4_t4 y2_t5,0.013357640075379568
y1_t0 y2_t4 y4_t5,0.013357640075379568
y1_t1 y4_t4 y2_t5,0.013357640075379568
y1_t0 y2_t4 y4_t4,0.013357640075379568
y1_t1 y2_t5 y4_t5,0.013357640075379568
y1_t1 y2_t4 y4_t4,0.013357640075379568
y3_t5 y3_t6 y4_t6,0.01333376187998725
y3_t4 y4_t6 y3_t7,0.01333376187998725
y3_t4 y3_t6 y4_t6,0.01333376187998725
y3_t5 y4_t6 y3_t7,0.01333376187998725
y3_t4 y3_t7 y4_t7,0.01333376187998725
y3_t5 y3_t6 y4_t7,0.01333376187998725
y3_t4 y3_t6 y4_t7,0.01333376187998725
y3_t5 y3_t7 y4_t7,0.01333376187998725
y4_t1 y1_t2 y3_t3,-0.013224254478451384
y4_t0 y1_t2 y3_t2,-0.013224254478451384
y4_t1 y1_t3 y3_t3,-0.013224254478451384
y4_t1 y3_t2 y1_t3,-0.013224254478451384
y4_t1 y1_t2 y3_t2,-0.013224254478451384
y4_t0 y1_t2 y3_t3,-0.013224254478451384
y4_t0 y3_t2 y1_t3,-0.013224254478451384
y4_t0 y1_t3 y3_t3,-0.013224254478451384
y1_t3 y4_t3 y2_t7,-0.013189083961071504
y1_t2 y4_t3 y2_t6,-0.013189083961071504
y1_t2 y4_t3 y2_t7,-0.013189083961071504
y1_t2 y4_t2 y2_t7,-0.013189083961071504
y1_t2 y4_t2 y2_t6,-0.013189083961071504
y1_t3 y4_t3 y2_t6,-0.013189083961071504
y4_t2 y1_t3 y2_t7,-0.013189083961071435
y4_t2 y1_t3 y2_t6,-0.013189083961071435
y1_t1 y2_t3 y4_t4,0.012880530581901736
y1_t0 y2_t3 y4_t4,0.012880530581901736
y1_t0 y2_t2 y4_t5,0.012880530581901736
y1_t0 y2_t2 y4_t4,0.012880530581901736
y1_t1 y2_t2 y4_t4,0.012880530581901736
y1_t1 y2_t3 y4_t5,0.012880530581901736
y1_t1 y2_t2 y4_t5,0.012880530581901736
y1_t0 y2_t3 y4_t5,0.012880530581901736
y3_t4 y1_t6 y2_t7,0.012670337670476739
y3_t5 y1_t7 y2_t7,0.012670337670476739
y3_t4 y1_t6 y2_t6,0.012670337670476739
y3_t5 y1_t6 y2_t6,0.012670337670476739
y3_t4 y1_t7 y2_t7,0.012670337670476739
y3_t4 y2_t6 y1_t7,0.012670337670476739
y3_t5 y2_t6 y1_t7,0.012670337670476739
y3_t5 y1_t6 y2_t7,0.012670337670476739
y4_t4^2 y2_t5,-0.012667855889242102
y2_t5 y4_t5^2,-0.012667855889242102
y4_t4 y2_t5 y4_t5,-0.012667855889242102
y2_t4 y4_t4 y4_t5,-0.012667855889242102
y2_t4 y4_t4^2,-0.012667855889242102
y2_t4 y4_t5^2,-0.012667855889242102
y4_t1 y4_t3 y2_t4,0.012597960475442831
y4_t0 y4_t3 y2_t5,0.012597960475442831
y4_t1 y4_t2 y2_t4,0.012597960475442831
y4_t1 y4_t2 y2_t5,0.012597960475442831
y4_t0 y4_t2 y2_t5,0.012597960475442831
y4_t0 y4_t3 y2_t4,0.012597960475442831
y4_t0 y4_t2 y2_t4,0.012597960475442831
y4_t1 y4_t3 y2_t5,0.012597960475442831
y3_t0 y1_t2^2,0.012554080350772817
y3_t1 y1_t2 y1_t3,0.012554080350772817
y3_t1 y1_t2^2,0.012554080350772817
y3_t1 y1_t3^2,0.012554080350772817
y3_t0 y1_t3^2,0.012554080350772817
y3_t0 y1_t2 y1_t3,0.012554080350772817
y4_t0 y4_t2 y3_t5,-0.012537510551608379
y4_t1 y4_t2 y3_t4,-0.012537510551608379
y4_t1 y4_t3 y3_t5,-0.012537510551608379
y4_t0 y4_t2 y3_t4,-0.012537510551608379
y4_t1 y4_t3 y3_t4,-0.012537510551608379
y4_t0 y4_t3 y3_t5,-0.012537510551608379
y4_t1 y4_t2 y3_t5,-0.012537510551608379
y4_t0 y4_t3 y3_t4,-0.012537510551608379
y3_t2 y2_t3 y4_t4,0.012298202078454223
y3_t2 y2_t3 y4_t5,0.012298202078454223
y2_t2 y3_t3 y4_t4,0.012298202078454001
y2_t2 y3_t3 y4_t5,0.012298202078454001
y2_t3 y3_t3 y4_t5,0.012298202078454001
y2_t2 y3_t2 y4_t4,0.012298202078454001
y2_t2 y3_t2 y4_t5,0.012298202078454001
y2_t3 y3_t3 y4_t4,0.012298202078454001
y2_t0 y1_t6 y4_t6,0.012213434837756498
y2_t1 y1_t6 y4_t7,0.012213434837756498
y2_t1 y1_t6 y4_t6,0.012213434837756498
y2_t0 y4_t6 y1_t7,0.012213434837756498
y2_t0 y1_t7 y4_t7,0.012213434837756498
y2_t1 y1_t7 y4_t7,0.012213434837756498
y2_t0 y1_t6 y4_t7,0.012213434837756498
y2_t1 y4_t6 y1_t7,0.012213434837756498
y2_t2 y4_t3 y1_t4,-0.012014910453311142
y2_t3 y4_t3 y1_t5,-0.012014910453311142
y2_t2 y4_t2 y1_t5,-0.012014910453311142
y2_t2 y4_t3 y1_t5,-0.012014910453311142
y2_t3 y4_t3 y1_t4,-0.012014910453311142
y2_t2 y4_t2 y1_t4,-0.012014910453311142
y4_t2 y2_t3 y1_t4,-0.012014910453311135
y4_t2 y2_t3 y1_t5,-0.012014910453311135
y3_t1 y2_t2 y4_t2,0.011767696285026552
y3_t1 y2_t2 y4_t3,0.011767696285026552
y3_t0 y4_t2 y2_t3,0.011767696285026552
y3_t1 y2_t3 y4_t3,0.011767696285026552
y3_t0 y2_t2 y4_t2,0.011767696285026552
y3_t0 y2_t3 y4_t3,0.011767696285026552
y3_t0 y2_t2 y4_t3,0.011767696285026552
y3_t1 y4_t2 y2_t3,0.011767696285026552
y2_t2 y4_t2 y4_t5,-0.01172530243662074
y2_t3 y4_t3 y4_t5,-0.01172530243662074
y4_t2 y2_t3 y4_t5,-0.01172530243662074
y2_t2 y4_t2 y4_t4,-0.01172530243662074
y4_t2 y2_t3 y4_t4,-0.01172530243662074
y2_t2 y4_t3 y4_t4,-0.01172530243662074
y2_t2 y4_t3 y4_t5,-0.01172530243662074
y2_t3 y4_t3 y4_t4,-0.01172530243662074
y3_t1 y4_t2 y1_t5,-0.011578498198381589
y3_t1 y4_t3 y1_t4,-0.011578498198381589
y3_t1 y4_t3 y1_t5,-0.011578498198381589
y3_t0 y4_t3 y1_t5,-0.011578498198381589
y3_t0 y4_t3 y1_t4,-0.011578498198381589
y3_t0 y4_t2 y1_t5,-0.011578498198381589
y3_t0 y4_t2 y1_t4,-0.011578498198381589
y3_t1 y4_t2 y1_t4,-0.011578498198381589
y3_t4 y2_t5 y2_t6,-0.011503495880392012
y2_t5 y3_t5 y2_t7,-0.011503495880392012
y3_t4 y2_t5 y2_t7,-0.011503495880392012
y2_t4 y3_t4 y2_t6,-0.011503495880392012
y2_t4 y3_t4 y2_t7,-0.011503495880392012
y2_t4 y3_t5 y2_t6,-0.011503495880392012
y2_t5 y3_t5 y2_t6,-0.011503495880392012
y2_t4 y3_t5 y2_t7,-0.011503495880392012
y4_t3 y1_t6 y3_t7,-0.011354081111745462
y4_t2 y3_t6 y1_t7,-0.011354081111745462
y4_t3 y1_t6 y3_t6,-0.011354081111745462
y4_t3 y1_t7 y3_t7,-0.011354081111745462
y4_t3 y3_t6 y1_t7,-0.011354081111745462
y4_t2 y1_t7 y3_t7,-0.011354081111745462
y4_t2 y1_t6 y3_t7,-0.011354081111745462
y4_t2 y1_t6 y3_t6,-0.011354081111745462
y4_t0 y1_t6 y4_t7,-0.011346891007285018
y4_t0 y1_t6 y4_t6,-0.011346891007285018
y4_t0 y4_t6 y1_t7,-0.011346891007285018
y4_t1 y1_t7 y4_t7,-0.011346891007285018
y4_t1 y1_t6 y4_t6,-0.011346891007285018
y4_t1 y4_t6 y1_t7,-0.011346891007285018
y4_t0 y1_t7 y4_t7,-0.011346891007285018
y4_t1 y1_t6 y4_t7,-0.011346891007285018
y3_t2^2 y4_t3,0.011139471033299098
y3_t2^2 y4_t2,0.011139471033299098
y3_t2 y4_t2 y3_t3,0.011139471033299098
y3_t3^2 y4_t3,0.011139471033299098
y3_t2 y3_t3 y4_t3,0.011139471033299098
y4_t2 y3_t3^2,0.011139471033298265
y2_t5 y4_t6^2,-0.01077825653336903
y2_t5 y4_t7^2,-0.01077825653336903
y2_t4 y4_t6 y4_t7,-0.01077825653336903
y2_t4 y4_t6^2,-0.01077825653336903
y2_t5 y4_t6 y4_t7,-0.01077825653336903
y2_t4 y4_t7^2,-0.01077825653336903
y3_t2 y2_t5 y4_t5,0.010763892870719605
y3_t3 y4_t4 y2_t5,0.010763892870719605
y3_t3 y2_t4 y4_t5,0.010763892870719605
y3_t2 y2_t4 y4_t4,0.010763892870719605
y3_t2 y4_t4 y2_t5,0.010763892870719605
y3_t3 y2_t5 y4_t5,0.010763892870719605
y3_t2 y2_t4 y4_t5,0.010763892870719605
y3_t3 y2_t4 y4_t4,0.010763892870719605
y1_t2 y3_t4^2,0.010694195146198043
y1_t3 y3_t5^2,0.010694195146198043
y1_t3 y3_t4 y3_t5,0.010694195146198043
y1_t3 y3_t4^2,0.010694195146198043
y1_t2 y3_t5^2,0.010694195146198043
y1_t2 y3_t4 y3_t5,0.010694195146198043
y1_t1 y2_t7 y3_t7,-0.010678236331937374
y1_t0 y2_t6 y3_t6,-0.010678236331937374
y1_t1 y3_t6 y2_t7,-0.010678236331937374
y1_t1 y2_t6 y3_t7,-0.010678236331937374
y1_t1 y2_t6 y3_t6,-0.010678236331937374
y1_t0 y2_t7 y3_t7,-0.010678236331937374
y1_t0 y3_t6 y2_t7,-0.010678236331937374
y1_t0 y2_t6 y3_t7,-0.010678236331937374
y2_t1 y4_t2 y4_t7,0.010563046309636087
y2_t1 y4_t2 y4_t6,0.010563046309636087
y2_t0 y4_t2 y4_t7,0.010563046309636087
y2_t0 y4_t2 y4_t6,0.010563046309636087
y2_t1 y4_t3 y4_t6,0.010563046309636087
y2_t1 y4_t3 y4_t7,0.010563046309636087
y2_t0 y4_t3 y4_t7,0.010563046309636087
y2_t0 y4_t3 y4_t6,0.010563046309636087
y2_t4 y2_t7,0.010466199793242148
y2_t5 y2_t7,0.010466199793242148
y2_t5 y2_t6,0.010466199793242148
y2_t4 y2_t6,0.010466199793242148
y1_t1 y2_t2 y3_t2,0.01029993938432859
y1_t1 y3_t2 y2_t3,0.01029993938432859
y1_t1 y2_t2 y3_t3,0.01029993938432859
y1_t0 y2_t2 y3_t2,0.01029993938432859
y1_t0 y2_t2 y3_t3,0.01029993938432859
y1_t0 y3_t2 y2_t3,0.01029993938432859
y1_t1 y2_t3 y3_t3,0.01029993938432859
y1_t0 y2_t3 y3_t3,0.01029993938432859
y2_t0^2 y4_t5,0.010203623781441
y2_t1^2 y4_t5,0.010203623781441
y2_t0 y2_t1 y4_t5,0.010203623781441
y2_t0^2 y4_t4,0.010203623781441
y2_t1^2 y4_t4,0.010203623781441
y2_t0 y2_t1 y4_t4,0.010203623781441
y2_t4^2 y3_t4,0.010129182461055541
y3_t4 y2_t5^2,0.010129182461055541
y2_t4 y3_t4 y2_t5,0.010129182461055541
y2_t4^2 y3_t5,0.010129182461055541
y2_t5^2 y3_t5,0.010129182461055541
y2_t4 y2_t5 y3_t5,0.010129182461055541
y2_t0 y4_t7^2,-0.00986380835305009
y2_t1 y4_t7^2,-0.00986380835305009
y2_t0 y4_t6 y4_t7,-0.00986380835305009
y2_t1 y4_t6^2,-0.00986380835305009
y2_t1 y4_t6 y4_t7,-0.00986380835305009
y2_t0 y4_t6^2,-0.00986380835305009
y4_t6 y2_t7 y3_t7,-0.009731867262345067
y2_t6 y3_t6 y4_t7,-0.009731867262345012
y2_t7 y3_t7 y4_t7,-0.009731867262345012
y2_t6 y3_t7 y4_t7,-0.009731867262345012
y2_t6 y4_t6 y3_t7,-0.009731867262345012
y2_t6 y3_t6 y4_t6,-0.009731867262345012
y3_t6 y2_t7 y4_t7,-0.00973186726234486
y3_t6 y4_t6 y2_t7,-0.00973186726234486
y4_t2 y3_t6 y4_t7,0.009414968117011535
y4_t2 y3_t6 y4_t6,0.009414968117011535
y4_t3 y4_t6 y3_t7,0.009414968117011535
y4_t3 y3_t6 y4_t7,0.009414968117011535
y4_t3 y3_t6 y4_t6,0.009414968117011535
y4_t2 y3_t7 y4_t7,0.009414968117011535
y4_t2 y4_t6 y3_t7,0.009414968117011535
y4_t3 y3_t7 y4_t7,0.009414968117011535
y3_t4^2 y4_t7,-0.009040947530875976
y3_t4^2 y4_t6,-0.009040947530875976
y3_t4 y3_t5 y4_t6,-0.009040947530875976
y3_t5^2 y4_t7,-0.009040947530875976
y3_t5^2 y4_t6,-0.009040947530875976
y3_t4 y3_t5 y4_t7,-0.009040947530875976
y2_t5 y3_t5 y4_t7,-0.009002059705502663
y2_t4 y3_t4 y4_t7,-0.009002059705502663
y2_t5 y3_t5 y4_t6,-0.009002059705502663
y2_t4 y3_t5 y4_t6,-0.009002059705502663
y2_t4 y3_t5 y4_t7,-0.009002059705502663
y2_t4 y3_t4 y4_t6,-0.009002059705502663
y3_t4 y2_t5 y4_t7,-0.009002059705502163
y3_t4 y2_t5 y4_t6,-0.009002059705502163
y1_t0 y3_t5^2,0.008932328144505897
y1_t0 y3_t4 y3_t5,0.008932328144505897
y1_t1 y3_t5^2,0.008932328144505897
y1_t0 y3_t4^2,0.008932328144505897
y1_t1 y3_t4 y3_t5,0.008932328144505897
y1_t1 y3_t4^2,0.008932328144505897
y1_t3 y2_t4,-0.008918609582162174
y1_t3 y2_t5,-0.008918609582162174
y1_t2 y2_t4,-0.008918609582162174
y1_t2 y2_t5,-0.008918609582162174
y4_t5^3,0.008914278327881053
y4_t4 y4_t5^2,0.008914278327881053
y4_t4^3,0.008914278327881053
y4_t4^2 y4_t5,0.008914278327881053
y3_t1 y2_t6 y2_t7,0.008532396692226676
y3_t0 y2_t7^2,0.008532396692226676
y3_t1 y2_t6^2,0.008532396692226676
y3_t0 y2_t6^2,0.008532396692226676
y3_t1 y2_t7^2,0.008532396692226676
y3_t0 y2_t6 y2_t7,0.008532396692226676
y2_t1 y2_t4 y1_t7,-0.008185823389963813
y2_t0 y2_t5 y1_t7,-0.008185823389963813
y2_t0 y2_t4 y1_t7,-0.008185823389963813
y2_t1 y2_t5 y1_t7,-0.008185823389963813
y2_t0 y2_t5 y1_t6,-0.008185823389963813
y2_t1 y2_t4 y1_t6,-0.008185823389963813
y2_t0 y2_t4 y1_t6,-0.008185823389963813
y2_t1 y2_t5 y1_t6,-0.008185823389963813
y1_t0 y2_t1 y2_t6,-0.008150462837105382
y1_t0 y2_t0 y2_t6,-0.008150462837105382
y1_t1 y2_t1 y2_t6,-0.008150462837105382
y1_t1 y2_t1 y2_t7,-0.008150462837105382
y1_t0 y2_t0 y2_t7,-0.008150462837105382
y2_t0 y1_t1 y2_t6,-0.008150462837105382
y2_t0 y1_t1 y2_t7,-0.008150462837105382
y1_t0 y2_t1 y2_t7,-0.008150462837105382
y1_t3 y3_t6 y4_t7,0.008104006317281046
y1_t3 y3_t6 y4_t6,0.008104006317281046
y1_t2 y3_t7 y4_t7,0.008104006317281046
y1_t3 y4_t6 y3_t7,0.008104006317281046
y1_t2 y3_t6 y4_t6,0.008104006317281046
y1_t2 y3_t6 y4_t7,0.008104006317281046
y1_t3 y3_t7 y4_t7,0.008104006317281046
y1_t2 y4_t6 y3_t7,0.008104006317281046
y2_t1 y2_t3 y1_t6,0.007879736586298994
y2_t1 y2_t2 y1_t6,0.007879736586298994
y2_t1 y2_t3 y1_t7,0.007879736586298994
y2_t1 y2_t2 y1_t7,0.007879736586298994
y2_t0 y2_t2 y1_t6,0.007879736586298994
y2_t0 y2_t3 y1_t6,0.007879736586298994
y2_t0 y2_t3 y1_t7,0.007879736586298994
y2_t0 y2_t2 y1_t7,0.007879736586298994
y3_t2^2 y4_t6,-0.007804845114981307
y3_t2 y3_t3 y4_t7,-0.007804845114981307
y3_t3^2 y4_t6,-0.007804845114981307
y3_t3^2 y4_t7,-0.007804845114981307
y3_t2 y3_t3 y4_t6,-0.007804845114981307
y3_t2^2 y4_t7,-0.007804845114981307
y4_t3 y3_t4 y2_t5,-0.007744746112586465
y4_t2 y2_t5 y3_t5,-0.007744746112586465
y4_t2 y3_t4 y2_t5,-0.007744746112586465
y4_t3 y2_t4 y3_t5,-0.007744746112586465
y4_t3 y2_t4 y3_t4,-0.007744746112586465
y4_t2 y2_t4 y3_t4,-0.007744746112586465
y4_t2 y2_t4 y3_t5,-0.007744746112586465
y4_t3 y2_t5 y3_t5,-0.007744746112586465
y3_t3 y2_t4 y4_t7,-0.007733231666679052
y3_t2 y2_t4 y4_t7,-0.007733231666679052
y3_t2 y2_t5 y4_t6,-0.007733231666679052
y3_t3 y2_t5 y4_t6,-0.007733231666679052
y3_t2 y2_t4 y4_t6,-0.007733231666679052
y3_t3 y2_t4 y4_t6,-0.007733231666679052
y3_t3 y2_t5 y4_t7,-0.007733231666679052
y3_t2 y2_t5 y4_t7,-0.007733231666679052
y4_t2 y3_t3 y3_t4,-0.007161305698817122
y3_t3 y4_t3 y3_t5,-0.007161305698817122
y3_t2 y4_t2 y3_t5,-0.007161305698817122
y3_t3 y4_t3 y3_t4,-0.007161305698817122
y3_t2 y4_t2 y3_t4,-0.007161305698817122
y3_t2 y4_t3 y3_t4,-0.007161305698817122
y3_t2 y4_t3 y3_t5,-0.007161305698817122
y4_t2 y3_t3 y3_t5,-0.007161305698817122
y1_t0 y2_t0 y2_t1,-0.007132494466793204
y1_t0 y2_t0^2,-0.007132494466793204
y1_t1 y2_t1^2,-0.007132494466793204
y1_t0 y2_t1^2,-0.007132494466793204
y2_t0 y1_t1 y2_t1,-0.007132494466792982
y2_t0^2 y1_t1,-0.007132494466792982
y3_t2 y1_t3 y4_t4,0.007092956510633175
y3_t2 y1_t3 y4_t5,0.007092956510633175
y1_t2 y3_t2 y4_t5,0.007092956510633169
y1_t2 y3_t3 y4_t5,0.007092956510633169
y1_t2 y3_t3 y4_t4,0.007092956510633169
y1_t2 y3_t2 y4_t4,0.007092956510633169
y1_t3 y3_t3 y4_t4,0.007092956510633169
y1_t3 y3_t3 y4_t5,0.007092956510633169
y2_t3 y3_t4 y2_t5,0.007074795393388789
y2_t3 y2_t4 y3_t4,0.007074795393388789
y2_t2 y2_t4 y3_t4,0.007074795393388789
y2_t2 y2_t5 y3_t5,0.007074795393388789
y2_t3 y2_t5 y3_t5,0.007074795393388789
y2_t2 y2_t4 y3_t5,0.007074795393388789
y2_t2 y3_t4 y2_t5,0.007074795393388789
y2_t3 y2_t4 y3_t5,0.007074795393388789
y4_t0 y3_t1 y2_t3,0.006979583955420435
y4_t0 y3_t1 y2_t2,0.006979583955420435
y3_t0 y4_t0 y2_t2,0.006979583955420421
y3_t1 y4_t1 y2_t2,0.006979583955420421
y3_t0 y4_t0 y2_t3,0.006979583955420421
y3_t0 y4_t1 y2_t3,0.006979583955420421
y3_t0 y4_t1 y2_t2,0.006979583955420421
y3_t1 y4_t1 y2_t3,0.006979583955420421
y3_t0 y1_t2 y4_t3,-0.006509796931463998
y3_t0 y1_t2 y4_t2,-0.006509796931463998
y3_t0 y4_t2 y1_t3,-0.006509796931463998
y3_t1 y4_t2 y1_t3,-0.006509796931463998
y3_t0 y1_t3 y4_t3,-0.006509796931463998
y3_t1 y1_t2 y4_t3,-0.006509796931463998
y3_t1 y1_t3 y4_t3,-0.006509796931463998
y3_t1 y1_t2 y4_t2,-0.006509796931463998
y3_t0 y1_t3 y2_t3,-0.006447351417240862
y3_t1 y1_t2 y2_t2,-0.006447351417240862
y3_t1 y1_t3 y2_t3,-0.006447351417240862
y3_t0 y2_t2 y1_t3,-0.006447351417240862
y3_t1 y1_t2 y2_t3,-0.006447351417240862
y3_t0 y1_t2 y2_t3,-0.006447351417240862
y3_t1 y2_t2 y1_t3,-0.006447351417240862
y3_t0 y1_t2 y2_t2,-0.006447351417240862
y2_t3 y3_t3 y2_t6,0.006306793237028124
y2_t3 y3_t3 y2_t7,0.006306793237028124
y2_t2 y3_t2 y2_t7,0.006306793237028124
y2_t2 y3_t2 y2_t6,0.006306793237028124
y2_t2 y3_t3 y2_t6,0.006306793237028124
y2_t2 y3_t3 y2_t7,0.006306793237028124
y3_t2 y2_t3 y2_t7,0.006306793237028069
y3_t2 y2_t3 y2_t6,0.006306793237028069
y1_t0 y3_t1 y2_t3,-0.006070646523061527
y1_t1 y3_t1 y2_t2,-0.006070646523061527
y1_t0 y3_t0 y2_t2,-0.006070646523061527
y1_t0 y3_t0 y2_t3,-0.006070646523061527
y1_t0 y3_t1 y2_t2,-0.006070646523061527
y1_t1 y3_t1 y2_t3,-0.006070646523061527
y3_t0 y1_t1 y2_t3,-0.006070646523061489
y3_t0 y1_t1 y2_t2,-0.006070646523061489
y3_t2 y1_t5^2,0.0058566241124397254
y3_t3 y1_t5^2,0.0058566241124397254
y3_t3 y1_t4^2,0.0058566241124397254
y3_t3 y1_t4 y1_t5,0.0058566241124397254
y3_t2 y1_t4 y1_t5,0.0058566241124397254
y3_t2 y1_t4^2,0.0058566241124397254
y3_t2 y1_t3 y4_t6,-0.00566789456559857
y3_t2 y1_t3 y4_t7,-0.00566789456559857
y1_t2 y3_t3 y4_t7,-0.005667894565598506
y1_t3 y3_t3 y4_t6,-0.005667894565598506
y1_t2 y3_t3 y4_t6,-0.005667894565598506
y1_t3 y3_t3 y4_t7,-0.005667894565598506
y1_t2 y3_t2 y4_t6,-0.005667894565598506
y1_t2 y3_t2 y4_t7,-0.005667894565598506
y3_t0 y2_t1 y2_t5,-0.005543414128234499
y3_t0 y2_t1 y2_t4,-0.005543414128234499
y2_t0 y3_t1 y2_t4,-0.005543414128234472
y2_t0 y3_t1 y2_t5,-0.005543414128234472
y2_t0 y3_t0 y2_t5,-0.005543414128234472
y2_t0 y3_t0 y2_t4,-0.005543414128234472
y2_t1 y3_t1 y2_t5,-0.005543414128234472
y2_t1 y3_t1 y2_t4,-0.005543414128234472
y3_t0 y2_t1 y3_t2,0.005506140540419615
y3_t0 y2_t1 y3_t3,0.005506140540419615
y2_t0 y3_t0 y3_t2,0.005506140540419601
y2_t0 y3_t0 y3_t3,0.005506140540419601
y2_t1 y3_t1 y3_t3,0.005506140540419601
y2_t0 y3_t1 y3_t2,0.005506140540419601
y2_t1 y3_t1 y3_t2,0.005506140540419601
y2_t0 y3_t1 y3_t3,0.005506140540419601
y4_t0 y1_t7,-0.005355627184074355
y4_t1 y1_t7,-0.005355627184074355
y4_t0 y1_t6,-0.005355627184074355
y4_t1 y1_t6,-0.005355627184074355
y3_t3 y3_t6 y4_t6,-0.0050814202202967285
y3_t3 y4_t6 y3_t7,-0.0050814202202967285
y3_t3 y3_t6 y4_t7,-0.0050814202202967285
y3_t3 y3_t7 y4_t7,-0.0050814202202967285
y3_t2 y3_t6 y4_t6,-0.0050814202202967285
y3_t2 y3_t6 y4_t7,-0.0050814202202967285
y3_t2 y4_t6 y3_t7,-0.0050814202202967285
y3_t2 y3_t7 y4_t7,-0.0050814202202967285
y4_t4 y1_t5 y2_t7,-0.004985890466261356
y4_t4 y1_t5 y2_t6,-0.004985890466261356
y1_t5 y4_t5 y2_t7,-0.0049858904662613
y1_t4 y4_t4 y2_t7,-0.0049858904662613
y1_t4 y4_t4 y2_t6,-0.0049858904662613
y1_t4 y4_t5 y2_t7,-0.0049858904662613
y1_t5 y4_t5 y2_t6,-0.0049858904662613
y1_t4 y4_t5 y2_t6,-0.0049858904662613
y3_t2 y1_t4 y2_t4,-0.004847035821772497
y3_t3 y1_t4 y2_t4,-0.004847035821772497
y3_t3 y1_t4 y2_t5,-0.004847035821772497
y3_t3 y1_t5 y2_t5,-0.004847035821772497
y3_t2 y1_t4 y2_t5,-0.004847035821772497
y3_t2 y1_t5 y2_t5,-0.004847035821772497
y3_t2 y2_t4 y1_t5,-0.004847035821772497
y3_t3 y2_t4 y1_t5,-0.004847035821772497
y1_t3 y2_t5 y4_t5,-0.00474962256297652
y1_t3 y4_t4 y2_t5,-0.00474962256297652
y1_t2 y2_t4 y4_t4,-0.00474962256297652
y1_t2 y2_t4 y4_t5,-0.00474962256297652
y1_t2 y4_t4 y2_t5,-0.00474962256297652
y1_t3 y2_t4 y4_t5,-0.00474962256297652
y1_t3 y2_t4 y4_t4,-0.00474962256297652
y1_t2 y2_t5 y4_t5,-0.00474962256297652
y1_t0 y1_t5^2,0.004615490369411987
y1_t1 y1_t4^2,0.004615490369411987
y1_t1 y1_t4 y1_t5,0.004615490369411987
y1_t0 y1_t4 y1_t5,0.004615490369411987
y1_t0 y1_t4^2,0.004615490369411987
y1_t1 y1_t5^2,0.004615490369411987
y2_t1 y3_t3 y2_t5,-0.004483113988364833
y2_t1 y3_t2 y2_t4,-0.004483113988364833
y2_t1 y3_t3 y2_t4,-0.004483113988364833
y2_t1 y3_t2 y2_t5,-0.004483113988364833
y2_t0 y3_t3 y2_t4,-0.004483113988364833
y2_t0 y3_t2 y2_t4,-0.004483113988364833
y2_t0 y3_t2 y2_t5,-0.004483113988364833
y2_t0 y3_t3 y2_t5,-0.004483113988364833
y4_t3 y3_t4 y1_t7,-0.004395772598546281
y4_t2 y3_t5 y1_t7,-0.004395772598546281
y4_t2 y3_t5 y1_t6,-0.004395772598546281
y4_t2 y3_t4 y1_t7,-0.004395772598546281
y4_t2 y3_t4 y1_t6,-0.004395772598546281
y4_t3 y3_t5 y1_t7,-0.004395772598546281
y4_t3 y3_t5 y1_t6,-0.004395772598546281
y4_t3 y3_t4 y1_t6,-0.004395772598546281
y3_t0 y4_t2 y3_t4,-0.0042894530903730965
y3_t0 y4_t2 y3_t5,-0.0042894530903730965
y3_t0 y4_t3 y3_t4,-0.0042894530903730965
y3_t0 y4_t3 y3_t5,-0.0042894530903730965
y3_t1 y4_t3 y3_t4,-0.0042894530903730965
y3_t1 y4_t3 y3_t5,-0.0042894530903730965
y3_t1 y4_t2 y3_t5,-0.0042894530903730965
y3_t1 y4_t2 y3_t4,-0.0042894530903730965
y2_t2 y2_t3 y4_t4,-0.004283802836417938
y2_t2^2 y4_t4,-0.004283802836417938
y2_t2^2 y4_t5,-0.004283802836417938
y2_t3^2 y4_t5,-0.004283802836417938
y2_t3^2 y4_t4,-0.004283802836417938
y2_t2 y2_t3 y4_t5,-0.004283802836417938
y2_t0 y3_t0^2,0.00406492002867271
y2_t0 y3_t0 y3_t1,0.00406492002867271
y2_t0 y3_t1^2,0.00406492002867271
y2_t1 y3_t1^2,0.00406492002867271
y3_t0 y2_t1 y3_t1,0.004064920028672682
y3_t0^2 y2_t1,0.004064920028672682
y1_t2 y3_t2 y4_t2,0.004034167847075023
y1_t2 y3_t2 y4_t3,0.004034167847075023
y1_t2 y4_t2 y3_t3,0.004034167847075023
y1_t2 y3_t3 y4_t3,0.004034167847075023
y1_t3 y3_t3 y4_t3,0.004034167847075023
y4_t2 y1_t3 y3_t3,0.004034167847075009
y3_t2 y1_t3 y4_t3,0.004034167847074992
y3_t2 y4_t2 y1_t3,0.004034167847074992
y3_t2 y4_t3 y1_t4,0.003994637042006633
y3_t3 y4_t3 y1_t5,0.003994637042006633
y3_t2 y4_t3 y1_t5,0.003994637042006633
y3_t3 y4_t3 y1_t4,0.003994637042006633
y3_t2 y4_t2 y1_t5,0.003994637042006633
y3_t2 y4_t2 y1_t4,0.003994637042006633
y4_t2 y3_t3 y1_t5,0.003994637042006605
y4_t2 y3_t3 y1_t4,0.003994637042006605
y3_t0 y2_t1 y4_t4,0.0033429852784601036
y3_t0 y2_t1 y4_t5,0.0033429852784601036
y2_t1 y3_t1 y4_t4,0.003342985278460102
y2_t0 y3_t0 y4_t4,0.003342985278460102
y2_t0 y3_t0 y4_t5,0.003342985278460102
y2_t0 y3_t1 y4_t4,0.003342985278460102
y2_t1 y3_t1 y4_t5,0.003342985278460102
y2_t0 y3_t1 y4_t5,0.003342985278460102
y2_t3 y2_t4 y4_t4,0.0031682616751113335
y2_t2 y2_t4 y4_t4,0.0031682616751113335
y2_t2 y2_t4 y4_t5,0.0031682616751113335
y2_t3 y2_t5 y4_t5,0.0031682616751113335
y2_t2 y2_t5 y4_t5,0.0031682616751113335
y2_t3 y4_t4 y2_t5,0.0031682616751113335
y2_t2 y4_t4 y2_t5,0.0031682616751113335
y2_t3 y2_t4 y4_t5,0.0031682616751113335
y2_t1 y3_t2,0.0029494695047744025
y2_t1 y3_t3,0.0029494695047744025
y2_t0 y3_t3,0.0029494695047744025
y2_t0 y3_t2,0.0029494695047744025
y2_t1 y2_t3 y4_t5,0.002515504870700038
y2_t1 y2_t3 y4_t4,0.002515504870700038
y2_t1 y2_t2 y4_t5,0.002515504870700038
y2_t1 y2_t2 y4_t4,0.002515504870700038
y2_t0 y2_t3 y4_t5,0.002515504870700038
y2_t0 y2_t3 y4_t4,0.002515504870700038
y2_t0 y2_t2 y4_t4,0.002515504870700038
y2_t0 y2_t2 y4_t5,0.002515504870700038
y3_t1 y4_t2 y3_t7,0.0024781235673560498
y3_t0 y4_t2 y3_t6,0.0024781235673560498
y3_t0 y4_t3 y3_t7,0.0024781235673560498
y3_t0 y4_t3 y3_t6,0.0024781235673560498
y3_t1 y4_t3 y3_t7,0.0024781235673560498
y3_t0 y4_t2 y3_t7,0.0024781235673560498
y3_t1 y4_t2 y3_t6,0.0024781235673560498
y3_t1 y4_t3 y3_t6,0.0024781235673560498
y3_t0 y2_t2 y4_t7,0.002417435895252562
y3_t1 y2_t3 y4_t7,0.002417435895252562
y3_t1 y2_t3 y4_t6,0.002417435895252562
y3_t0 y2_t3 y4_t6,0.002417435895252562
y3_t0 y2_t2 y4_t6,0.002417435895252562
y3_t1 y2_t2 y4_t6,0.002417435895252562
y3_t1 y2_t2 y4_t7,0.002417435895252562
y3_t0 y2_t3 y4_t7,0.002417435895252562
y2_t2 y2_t3 y2_t4,-0.0023674643477338275
y2_t2^2 y2_t4,-0.0023674643477338275
y2_t2^2 y2_t5,-0.0023674643477338275
y2_t2 y2_t3 y2_t5,-0.0023674643477338275
y2_t3^2 y2_t4,-0.0023674643477338275
y2_t3^2 y2_t5,-0.0023674643477338275
y1_t1 y4_t2 y2_t4,0.0021166732478692107
y1_t1 y4_t2 y2_t5,0.0021166732478692107
y1_t0 y4_t2 y2_t4,0.0021166732478692107
y1_t1 y4_t3 y2_t4,0.0021166732478692107
y1_t0 y4_t2 y2_t5,0.0021166732478692107
y1_t0 y4_t3 y2_t5,0.0021166732478692107
y1_t0 y4_t3 y2_t4,0.0021166732478692107
y1_t1 y4_t3 y2_t5,0.0021166732478692107
y2_t0 y1_t2 y4_t5,-0.002110216799818293
y2_t0 y1_t3 y4_t5,-0.002110216799818293
y2_t0 y1_t3 y4_t4,-0.002110216799818293
y2_t0 y1_t2 y4_t4,-0.002110216799818293
y2_t1 y1_t3 y4_t4,-0.002110216799818293
y2_t1 y1_t2 y4_t4,-0.002110216799818293
y2_t1 y1_t2 y4_t5,-0.002110216799818293
y2_t1 y1_t3 y4_t5,-0.002110216799818293
y1_t0 y3_t1 y4_t5,0.0014260468085400962
y1_t0 y3_t0 y4_t4,0.0014260468085400962
y1_t0 y3_t0 y4_t5,0.0014260468085400962
y1_t0 y3_t1 y4_t4,0.0014260468085400962
y1_t1 y3_t1 y4_t5,0.0014260468085400962
y1_t1 y3_t1 y4_t4,0.0014260468085400962
y3_t0 y1_t1 y4_t4,0.0014260468085400824
y3_t0 y1_t1 y4_t5,0.0014260468085400824
y4_t2 y2_t5 y1_t7,0.0014217056752780996
y4_t3 y2_t5 y1_t7,0.0014217056752780996
y4_t3 y2_t5 y1_t6,0.0014217056752780996
y4_t3 y2_t4 y1_t6,0.0014217056752780996
y4_t2 y2_t5 y1_t6,0.0014217056752780996
y4_t3 y2_t4 y1_t7,0.0014217056752780996
y4_t2 y2_t4 y1_t6,0.0014217056752780996
y4_t2 y2_t4 y1_t7,0.0014217056752780996
y2_t0 y1_t1 y1_t5,0.0013027044338936727
y2_t0 y1_t1 y1_t4,0.0013027044338936727
y1_t1 y2_t1 y1_t4,0.0013027044338936589
y1_t0 y2_t1 y1_t5,0.0013027044338936589
y1_t1 y2_t1 y1_t5,0.0013027044338936589
y1_t0 y2_t0 y1_t5,0.0013027044338936589
y1_t0 y2_t1 y1_t4,0.0013027044338936589
y1_t0 y2_t0 y1_t4,0.0013027044338936589
y4_t4 y1_t5 y2_t5,-0.0011767601378187692
y1_t4 y2_t5 y4_t5,-0.0011767601378187623
y1_t4 y4_t4 y2_t5,-0.0011767601378187623
y1_t4 y2_t4 y4_t4,-0.0011767601378187623
y1_t4 y2_t4 y4_t5,-0.0011767601378187623
y1_t5 y2_t5 y4_t5,-0.0011767601378187623
y2_t4 y4_t4 y1_t5,-0.0011767601378187484
y2_t4 y1_t5 y4_t5,-0.0011767601378187484
y3_t0 y3_t1 y4_t7,0.0011517067383067792
y3_t1^2 y4_t6,0.0011517067383067792
y3_t1^2 y4_t7,0.0011517067383067792
y3_t0^2 y4_t6,0.0011517067383067792
y3_t0^2 y4_t7,0.0011517067383067792
y3_t0 y3_t1 y4_t6,0.0011517067383067792
y3_t2 y4_t3 y3_t7,-0.0009332618079010979
y4_t2 y3_t3 y3_t6,-0.0009332618079010979
y4_t2 y3_t3 y3_t7,-0.0009332618079010979
y3_t2 y4_t3 y3_t6,-0.0009332618079010979
y3_t2 y4_t2 y3_t6,-0.0009332618079010979
y3_t2 y4_t2 y3_t7,-0.0009332618079010979
y3_t3 y4_t3 y3_t7,-0.0009332618079010979
y3_t3 y4_t3 y3_t6,-0.0009332618079010979
y3_t0 y4_t3,0.0009301765463184918
y3_t0 y4_t2,0.0009301765463184918
y3_t1 y4_t3,0.0009301765463184918
y3_t1 y4_t2,0.0009301765463184918
y3_t1 y1_t2 y4_t5,-0.00018481749654884055
y3_t1 y1_t2 y4_t4,-0.00018481749654884055
y3_t0 y1_t3 y4_t5,-0.00018481749654884055
y3_t1 y1_t3 y4_t5,-0.00018481749654884055
y3_t0 y1_t3 y4_t4,-0.00018481749654884055
y3_t0 y1_t2 y4_t4,-0.00018481749654884055
y3_t0 y1_t2 y4_t5,-0.00018481749654884055
y3_t1 y1_t3 y4_t4,-0.00018481749654884055
y1_t1 y2_t4 y3_t5,0.00011526148783080892
y1_t1 y2_t5 y3_t5,0.00011526148783080892
y1_t1 y3_t4 y2_t5,0.00011526148783080892
y1_t1 y2_t4 y3_t4,0.00011526148783080892
y1_t0 y2_t5 y3_t5,0.00011526148783080892
y1_t0 y3_t4 y2_t5,0.00011526148783080892
y1_t0 y2_t4 y3_t4,0.00011526148783080892
y1_t0 y2_t4 y3_t5,0.00011526148783080892
1,0.0
